RA_deg,Dec_deg,identifier,typ,RA,Dec,redshift,MagU,MagB,MagV,MagR,MagI,MorphType,Ang_maj_amin,Ang_min_amin,AngDiamDist_Mpc,EstDist_Mpc,length_maj_lyr,velocity_km_s
19.74758788,44.28639901,UGC 836                            ,G  ,1:18:59.4210922213,44:17:11.036445854,0.038417,~,16,~,~,~,E,0.463,0.417,158.6648917,227.6496655,69696.95798,11517.4166
42.74861994,37.46662645,UGC 2328                           ,G  ,2:50:59.6687854776,37:27:59.855205906,0.016642,~,13.8,~,~,~,E,0.757,0.636,70.54027526,139.2361891,50662.31396,4989.2716
41.68125045,36.80873938,2MASX J02464352+3648314            ,G  ,2:46:43.5001088789,36:48:31.461754537,0.04373,~,~,~,~,~,E,0.213,0.183,179.4778744,494.8441086,36269.57889,13110.254
17.89988844,49.12110696,UGC 746                            ,G  ,1:11:35.9732259931,49:7:15.985062828,0.018066,~,14.8,~,~,~,E,0.913,0.566,76.4453802,115.4455588,66217.68826,5416.1868
31.09291667,45.77611111,UGC 1562                           ,G  ,2:4:22.3,45:46:34,0.02511,~,15,~,~,~,E,1.548,0.831,105.3596215,68.08901495,154738.0611,7527.978
30.28941379,50.50712904,UGC 1493 A                         ,G  ,2:1:9.4593097389,50:30:25.664529096,0.01626,~,14.4,~,~,~,E,0.557,0.512,68.95272754,189.2312301,36438.34452,4874.748
281.7399254,45.70563928,NGC 6702                           ,G  ,18:46:57.5820964893,45:42:20.301418496,0.015998,15.3,14.73,13.05,~,~,E,1.133,0.861,67.86303963,93.0289454,72948.30586,4796.2004
281.8230292,47.83731111,2MASX J18471752+4750143            ,G  ,18:47:17.527,47:50:14.32,0.04763,~,16.4,~,~,~,E,0.193,0.139,194.5884839,546.1232909,35630.87074,14279.474
281.3842167,59.98114444,MCG+10-27-001                      ,G  ,18:45:32.212,59:58:52.12,0.0135,~,16.3,~,~,~,E,0.687,0.261,57.43888892,153.4232826,37438.18275,4047.3
283.4020708,66.23209444,2MASX J18533649+6613555            ,G  ,18:53:36.497,66:13:55.54,0.03787,~,15.3,~,~,~,E,0.43,0.344,156.5070461,245.1204538,63849.03573,11353.426
290.8335529,70.35603744,UGC 11436                          ,G  ,19:23:20.0526870011,70:21:21.734798573,0.03861,~,15.5,~,~,~,E,0.617,0.37,159.4255787,170.8294897,93324.38974,11575.278
276.8912114,62.11654019,MCG+10-26-039                      ,G  ,18:27:33.8907321685,62:6:59.544678555,0.02789,~,16,~,~,~,E,0.46,0.423,116.6368182,229.1343373,50903.24725,8361.422
27.32508565,85.26033679,UGC 1198                           ,G  ,1:49:18.020554815,85:15:37.212435385,0.003933,~,15.1,~,~,~,E,0.523,0.345,16.92831364,201.5330691,8399.769682,1179.1134
81.98899313,63.85946781,UGC 3307                           ,G  ,5:27:57.358352235,63:51:34.084122773,0.01416,~,14.8,~,~,~,E,0.687,0.494,60.19918271,153.4232826,39237.31893,4245.168
271.5711705,62.08840857,MCG+10-26-014                      ,G  ,18:6:17.0809162171,62:5:18.270863584,0.0279,~,16.5,~,~,~,E,0.45,0.27,116.6772479,234.2262114,49813.91587,8364.42
272.0612167,63.679925,2MASX J18081469+6340477            ,G  ,18:8:14.692,63:40:47.73,0.02022,~,15.3,~,~,~,E,0.453,0.19,85.33924368,232.6750445,36677.43736,6061.956
272.6454167,66.18861111,LEDA 61489                         ,G  ,18:10:34.9,66:11:19,0.069,~,16.6,~,16.28,~,E,0.31,0.19,274.944158,340.0057908,80864.55156,20686.2
271.380125,66.74720833,2MASX J18053123+6644499            ,G  ,18:5:31.23,66:44:49.95,0.0551,~,16.5,~,~,~,E,0.207,0.165,223.1420538,509.1874161,43823.16741,16518.98
271.3124083,68.33390833,2MASX J18051497+6820020            ,G  ,18:5:14.978,68:20:2.07,0.02754,~,15.2,~,~,~,E,0.41,0.205,115.2211682,257.0775491,44819.61519,8256.492
272.2334078,69.0679635,NGC 6598                           ,G  ,18:8:56.0178753749,69:4:4.668602498,0.02771,~,14.2,~,~,~,E,0.79,0.6,115.9089183,133.4199938,86875.22383,8307.458
271.4272167,69.93640833,2MASX J18054253+6956110            ,G  ,18:5:42.532,69:56:11.07,0.0503,~,16.5,~,~,~,E,0.247,0.168,204.8527317,426.7279155,48005.46772,15079.94
88.76516667,74.71462222,2MASX J05550364+7442526            ,G  ,5:55:3.64,74:42:52.64,0.030131,~,15.5,~,~,~,E,0.28,0.252,125.6728845,376.4349826,33385.01741,9033.2738
267.4286792,60.37174167,MCG+10-25-101                      ,G  ,17:49:42.883,60:22:18.27,0.0284,~,15.5,~,~,~,E,0.433,0.234,118.6974936,243.4221597,48761.99182,8514.32
266.6970833,59.24570833,UGC 10988                          ,G  ,17:46:47.3,59:14:44.55,0.028393,~,14.4,~,~,~,E,0.74,0.607,118.6692269,142.4348583,83314.7365,8512.2214
267.6087025,59.79318089,2MASX J17502601+5947355            ,G  ,17:50:26.0885930016,59:47:35.451209089,0.02221,~,16,~,~,~,E,0.383,0.222,93.51503827,275.2005095,33980.69228,6658.558
267.3136292,67.33683056,2MASX J17491527+6720125            ,G  ,17:49:15.271,67:20:12.59,0.025,~,16.5,~,~,~,E,0.227,0.172,104.91185,464.3250887,22594.48231,7495
269.5575,70.66111111,LEDA 61188                         ,G  ,17:58:13.8,70:39:40,0.04817,~,15.9,~,~,~,E,0.309,0.173,196.6696695,341.1061331,57656.44485,14441.366
260.6385208,74.36821667,UGC 10853                          ,G  ,17:22:33.245,74:22:5.58,0.04228,~,15.3,~,~,~,E,0.607,0.497,173.8238721,173.6438141,100103.6939,12675.544
264.7194546,74.83809016,UGC 10949                          ,G  ,17:38:52.6691075174,74:50:17.124586909,0.02493,~,14.9,~,~,~,E,0.517,0.372,104.6268429,203.8719442,51319.88283,7474.014
265.4076321,83.13314627,2MASX J17413780+8307592            ,G  ,17:41:37.8317143186,83:7:59.326579649,0.00626,~,15.3,~,~,~,E,0.25,0.23,26.86832567,421.6071806,6372.83398,1876.748
94.84068827,76.81161506,UGC 3431                           ,G  ,6:19:21.765185995,76:48:41.814222026,0.008112,~,13.6,~,~,~,E,1.243,0.97,34.73936613,84.79629537,40968.0234,2431.9776
261.0879872,58.56145526,2MASX J17242110+5833409            ,G  ,17:24:21.1169281914,58:33:41.238923712,0.02786,~,15.5,~,~,~,E,0.333,0.187,116.5155234,316.5219073,36811.2035,8352.428
259.6555792,64.41423056,2MASX J17183733+6424512            ,G  ,17:18:37.339,64:24:51.23,0.09,~,17.39,16.15,~,15.39,E,0.173,0.146,350.0484921,609.2589314,57454.79862,26982
260.8585208,71.26285556,IC 1261                            ,G  ,17:23:26.045,71:15:46.28,0.046866,~,14.9,~,~,~,E,1.163,0.349,191.6394122,90.62923056,211454.3079,14050.4268
260.8369792,71.26432778,IC 1261W                           ,G  ,17:23:20.875,71:15:51.58,0.04664,~,16,~,~,~,E,0.69,0.6,190.766013,152.7562248,124882.6443,13982.672
250.8066542,74.70694722,2MASX J16431359+7442250            ,G  ,16:43:13.597,74:42:25.01,0.04127,~,15.1,~,~,~,E,0.45,0.432,169.8739835,234.2262114,72525.60782,12372.746
252.144775,76.85556944,2MASX J16483474+7651200            ,G  ,16:48:34.746,76:51:20.05,0.0418,~,16.6,~,~,~,E,0.253,0.238,171.9478855,416.6078859,41273.31509,12531.64
101.4211583,71.34383333,IC 449                             ,G  ,6:45:41.078,71:20:37.8,0.012692,~,13.7,~,~,~,E,0.89,0.73,54.05362257,118.4289833,45642.22462,3805.0616
258.0456542,61.91486667,2MASX J17121091+6154537            ,G  ,17:12:10.957,61:54:53.52,0.01282,~,16,~,~,~,E,0.213,0.124,54.59034306,494.8441086,11031.82641,3843.436
255.5934154,61.1665469,2MASX J17022241+6109589            ,G  ,17:2:22.4197019266,61:9:59.56885126,0.02347,~,15.4,~,~,~,E,0.343,0.268,98.67145874,307.2938634,32109.80449,7036.306
253.9316667,69.01888889,LEDA 59268                         ,G  ,16:55:43.6,69:1:8,0.0254,~,17.3,~,~,~,E,0.25,0.2,106.5395426,421.6071806,25269.8596,7614.92
246.95215,73.95675833,2MASX J16274851+7357243            ,G  ,16:27:48.516,73:57:24.33,0.01816,~,16.5,~,~,~,E,0.313,0.201,76.83447045,336.7469493,22816.67899,5444.368
247.362975,74.03826944,2MASX J16292711+7402177            ,G  ,16:29:27.114,74:2:17.77,0.01786,~,16.5,~,~,~,E,0.27,0.194,75.5923846,390.377019,19363.94329,5354.428
231.8128375,77.15698056,UGC 9874                           ,G  ,15:27:15.081,77:9:25.13,0.017946,~,14.6,~,~,~,E,0.57,0.376,75.94854108,184.9154301,41072.04091,5380.2108
196.7052594,82.8666201,MCG+14-06-015                      ,G  ,13:6:49.2622500468,82:51:59.832375473,0.037183,~,15.7,~,~,~,E,0.44,0.414,153.7929152,239.5495344,64200.88254,11147.4634
253.1241268,60.5145163,NGC 6258                           ,G  ,16:52:29.7904267467,60:30:52.258697311,0.01042,~,14.5,~,~,~,E,0.43,0.378,44.49914687,245.1204538,18153.99171,3123.916
242.5874331,67.83619986,2MASX J16102099+6750105            ,G  ,16:10:20.983944673,67:50:10.319492756,0.029767,~,15.1,~,~,~,E,0.427,0.256,124.208483,246.8426116,50318.89845,8924.1466
239.9878833,69.99609444,2MASX J15595709+6959459            ,G  ,15:59:57.092,69:59:45.94,0.0033,~,15.5,~,~,~,E,0.177,0.163,14.21467222,595.490368,2387.053256,989.34
238.1191542,70.37514444,IC 1154                            ,G  ,15:52:28.597,70:22:30.52,0.03811,~,14.8,~,~,~,E,0.61,0.464,157.4541633,172.7898281,91124.67153,11425.378
107.1639149,61.30518575,2MASX J07083937+6118189            ,G  ,7:8:39.3395670382,61:18:18.668690568,0.025384,~,15.3,~,~,~,E,0.33,0.304,106.4744649,319.3993792,33335.83966,7610.1232
103.4174618,54.97377482,2MASX J06534021+5458256            ,G  ,6:53:40.1908226759,54:58:25.589346148,0.036252,~,15.4,~,~,~,E,0.503,0.433,150.1076862,209.5463124,71634.61122,10868.3496
230.8361143,69.6840736,2MASX J15232053+6941028            ,G  ,15:23:20.66742603,69:41:2.664972788,0.039941,~,16.6,~,~,~,E,0.343,0.199,164.6620129,307.2938634,53584.54317,11974.3118
229.0108242,69.33617942,Mrk 1398                           ,G  ,15:16:2.5977993907,69:20:10.245918738,0.022512,~,15.7,~,~,~,E,0.243,0.195,94.75236725,433.7522434,21844.81318,6749.0976
226.9938042,72.79406667,2MASX J15075851+7247386            ,G  ,15:7:58.513,72:47:38.64,0.2136,~,~,~,~,~,E,0.12,0.12,724.8545936,878.3482928,82524.73415,64037.28
193.488229,77.41405263,2MASX J12535724+7724502            ,G  ,12:53:57.1749642663,77:24:50.589480202,0.03475,~,16,~,~,~,E,0.337,0.209,144.1448957,312.7649707,46087.28893,10418.05
185.7010208,75.96553889,2MASX J12224824+7557559            ,G  ,12:22:48.245,75:57:55.94,0.0361,~,16.2,~,~,~,E,0.35,0.196,149.505236,301.1479861,49645.1057,10822.78
179.9428083,76.55782222,2MASX J11594627+7633281            ,G  ,11:59:46.274,76:33:28.16,0.0453,~,16.7,~,~,~,E,0.27,0.157,185.5777712,390.377019,47538.08808,13580.94
125.0211956,67.4361005,2MASX J08200515+6726102            ,G  ,8:20:5.0869485943,67:26:9.961799457,0.027466,~,17.5,~,~,~,E,0.56,0.28,114.921707,188.2174913,61057.93152,8234.3068
116.6037905,62.48595015,UGC 4001                           ,G  ,7:46:24.909721187,62:29:9.420552744,0.0195,~,14.6,~,~,~,E,0.707,0.438,82.37149995,149.0831614,55252.04802,5846.1
242.9388583,60.16464167,MCG+10-23-039                      ,G  ,16:11:45.326,60:9:52.71,0.03181,~,15.3,~,~,~,E,0.473,0.341,132.4111093,222.8367762,59420.67175,9536.638
229.8755792,67.50460833,2MASX J15193013+6730165            ,G  ,15:19:30.139,67:30:16.59,0.04162,~,15.1,~,~,~,E,0.493,0.316,171.2438358,213.7967447,80096.55902,12477.676
191.4092542,74.48152778,MCG+13-09-031                      ,G  ,12:45:38.221,74:28:53.5,0.03155,~,16,~,~,~,E,0.43,0.327,131.3694424,245.1204538,53593.83128,9458.69
140.51875,71.84388889,NGC 2810                           ,G  ,9:22:4.5,71:50:38,0.011771,~,13.4,~,~,~,E,0.95,0.836,50.18685163,110.949258,45234.05791,3528.9458
125.4878917,66.53133333,2MASX J08215709+6631528            ,G  ,8:21:57.094,66:31:52.8,0.037,~,15.5,~,~,~,E,0.52,0.354,153.0691843,202.6957599,75516.71747,11092.6
125.0071851,62.83068052,UGC 4322                           ,G  ,8:20:1.724431953,62:49:50.449861514,0.02456,~,15,~,~,~,E,0.727,0.538,103.1195793,144.9818365,71125.86083,7363.088
240.0441667,58.38555556,Z 298-8                            ,G  ,16:0:10.6,58:23:8,0.0141,~,17.5,~,~,~,E,0.74,0.41,59.9484287,142.4348583,42088.3128,4227.18
164.8330081,71.84458716,2MASX J10591991+7150403            ,G  ,10:59:19.921955049,71:50:40.513774252,0.023086,~,15.6,~,~,~,E,0.3,0.27,97.10163417,351.3393171,27637.56558,6921.1828
130.9708675,64.97024408,MCG+11-11-026                      ,G  ,8:43:53.0081885889,64:58:12.878688763,0.023176,~,15.4,~,~,~,E,0.49,0.461,97.46969195,215.1057044,45312.46265,6948.1648
130.7406356,64.6128767,2MASX J08425777+6436467            ,G  ,8:42:57.7525515458,64:36:46.356112926,0.039125,~,~,~,~,~,E,0.367,0.315,161.4536738,287.1983519,56216.78284,11729.675
130.8372922,64.67614178,2MASX J08432094+6440338            ,G  ,8:43:20.9501362367,64:40:34.110401211,0.03877,~,~,~,~,~,E,0.36,0.252,160.055934,292.7827643,54667.12987,11623.246
131.5045458,64.12179722,MCG+11-11-028                      ,G  ,8:46:1.091,64:7:18.47,0.035957,~,16,~,~,~,E,0.48,0.451,148.9382571,219.5870732,67826.51406,10779.9086
116.5229827,48.84795729,2MASX J07460548+4850520            ,G  ,7:46:5.5158465382,48:50:52.646232344,0.03276,~,15.5,~,~,~,E,0.377,0.339,136.2116838,279.5803585,48720.04762,9821.448
111.6474841,43.29633255,UGC 3844                           ,G  ,7:26:35.3961817882,43:17:46.797166585,0.010441,~,14.3,~,~,~,E,0.79,0.632,44.58769905,133.4199938,33419.05345,3130.2118
237.9208899,49.3784062,2MASX J15514106+4922421            ,G  ,15:51:41.0135641184,49:22:42.262305564,0.03464,~,~,~,~,~,E,0.22,0.189,143.7073633,479.0990688,29995.33346,10385.072
170.2392511,66.38157487,2MASX J11205745+6622533            ,G  ,11:20:57.4202622479,66:22:53.669531847,0.05469,~,~,~,~,~,E,0.347,0.333,221.5879834,303.751571,72950.39911,16396.062
141.9489564,59.13568983,MCG+10-14-010                      ,G  ,9:27:47.7495282987,59:8:8.483378802,0.03005,~,15.7,~,~,~,E,0.393,0.299,125.3471256,268.197952,46736.79445,9008.99
138.8102395,58.20001293,2MASX J09151449+5812003            ,G  ,9:15:14.4574702272,58:12:0.046532837,0.01092,~,15,~,~,~,E,0.33,0.284,46.60631123,319.3993792,14591.86031,3273.816
212.515591,58.84078183,2MASX J14100367+5850267            ,G  ,14:10:3.7418367973,58:50:26.814578482,0.0608,~,18,~,~,~,E,0.143,0.143,244.5913729,737.0754905,33184.03285,18227.84
122.245025,47.11083333,2MASX J08085880+4706389            ,G  ,8:8:58.806,47:6:39,0.21972,~,~,17.11,~,16.74,E,0.187,0.131,740.7868668,563.6459633,131427.6895,65872.056
239.856498,42.26344924,2MASX J15592559+4215488            ,G  ,15:59:25.5595308231,42:15:48.417254683,0.060587,~,~,~,~,~,E,0.343,0.275,243.7950545,307.2938634,79336.12854,18163.9826
212.5438221,57.13312643,2MASX J14101058+5707596            ,G  ,14:10:10.5172960886,57:7:59.255141916,0.05082,~,~,~,~,~,E,0.33,0.271,206.8441789,319.3993792,64760.35721,15235.836
189.1349156,60.49220288,2MASX J12363241+6029322            ,G  ,12:36:32.3797479977,60:29:31.930376784,0.03808,~,~,~,~,~,E,0.313,0.232,157.3358034,336.7469493,46722.2654,11416.384
129.0960106,43.4735077,2MASX J08362307+4328240            ,G  ,8:36:23.0425498016,43:28:24.627723615,0.06652,~,~,~,~,~,E,0.337,0.283,265.8263866,312.7649707,84992.37813,19942.696
201.4301009,52.23014429,2MASX J13254321+5213486            ,G  ,13:25:43.224211026,52:13:48.519429173,0.05633,~,~,~,~,~,E,0.3,0.228,227.7951898,351.3393171,64836.23629,16887.734
138.0809549,46.38307264,2MASX J09121944+4622586            ,G  ,9:12:19.4291804269,46:22:59.061513831,0.04069,~,~,~,~,~,E,0.317,0.253,167.6014192,332.4977765,50406.77896,12198.862
170.4876167,52.96278611,MCG+09-19-049                      ,G  ,11:21:57.028,52:57:46.03,0.03353,~,14.9,~,~,~,E,0.593,0.498,139.2858058,177.7433308,78363.44982,10052.294
188.5689278,48.03431557,2MASX J12341649+4802035            ,G  ,12:34:16.5426603777,48:2:3.536045546,0.04518,~,~,~,~,~,E,0.26,0.244,185.1123431,405.3915198,45662.60862,13544.964
220.6410952,37.45233848,IC 4492                            ,G  ,14:42:33.8628468716,37:27:8.418534855,0.01376,~,15.6,~,~,~,E,0.353,0.325,58.52680272,298.5886548,19601.14752,4125.248
201.7367125,44.82108889,MCG+08-25-001                      ,G  ,13:26:56.811,44:49:15.92,0.02789,~,15.6,~,~,~,E,0.393,0.37,116.6368182,268.197952,43489.07863,8361.422
185.2479542,46.11686389,MCG+08-23-011                      ,G  ,12:20:59.509,46:7:0.71,0.01923,~,16,~,~,~,E,0.317,0.234,81.25726799,332.4977765,24438.43952,5765.154
179.5282738,47.33484475,NGC 4001                           ,G  ,11:58:6.7857086458,47:20:5.441101301,0,~,15,~,~,~,E,0.373,0.261,0,282.5785393,0,0
135.7223706,35.91124731,2MASX J09025334+3554403            ,G  ,9:2:53.3689342807,35:54:40.490318711,0.04329,~,~,~,~,~,E,0.27,0.216,177.7642451,390.377019,45536.55478,12978.342
45.99830417,-12.09990833,2E 707                             ,G  ,3:3:59.593,-12:5:59.67,0.103892,~,~,~,~,~,E,0.263,0.237,397.7324499,400.7672819,99242.74456,31146.8216
45.61491918,-11.04893986,2MASX J03022754-1102564            ,G  ,3:2:27.5806040587,-11:2:56.183496813,0.02941,~,16.34,~,15.03,~,E,0.353,0.191,122.7710002,298.5886548,41117.10147,8817.118
45.155,-10.81138889,LEDA 11380                         ,G  ,3:0:37.2,-10:48:41,0.03309,~,~,~,~,~,E,0.56,0.43,137.5298593,188.2174913,73069.64848,9920.382
46.20477908,-28.04579579,2dFGRS TGS317Z103                  ,G  ,3:4:49.1469797866,-28:2:44.86483933,0.041562,~,16.133,~,14.809,~,E,0.297,0.285,171.0169109,354.8881991,48188.95396,12460.2876
46.39975704,-27.43304798,2dFGRS TGS238Z025                  ,G  ,3:5:35.9416906217,-27:25:58.972722764,0.050412,~,16.417,~,15.194,~,E,0.27,0.178,205.2818672,390.377019,52585.54094,15113.5176
45.84733333,-28.30980556,2dFGRS TGS317Z139                  ,G  ,3:3:23.36,-28:18:35.3,0.0206,~,16.573,~,15.815,~,E,0.71,0.35,86.90347873,148.4532326,58539.297,6175.88
49.27778804,-22.8065486,2MASX J03170662-2248229            ,G  ,3:17:6.6691297717,-22:48:23.574974431,0.093216,~,17.05,~,15.66,~,E,0.237,0.156,361.2259228,444.7333128,81223.0414,27946.1568
48.66855417,-28.93233611,2dFGRS TGS320Z081                  ,G  ,3:14:40.453,-28:55:56.41,0.072737,~,15.608,~,14.224,~,E,0.403,0.315,288.5827081,261.542916,110338.568,21806.5526
331.0276792,41.81930278,UGC 11894                          ,G  ,22:4:6.643,41:49:9.49,0.017455,~,15.7,~,~,~,Sa,0.8,0.384,73.91414277,131.7522439,56100.86065,5233.009
13.0574125,44.33097222,UGC 530                            ,G  ,0:52:13.779,44:19:51.5,0.017779,~,15.5,~,~,~,Sa,0.677,0.298,75.25686735,155.6895054,48337.79076,5330.1442
88.1479879,66.82019679,UGC 3365                           ,G  ,5:52:35.5170962574,66:49:12.708459042,0.017182,~,15,~,~,~,Sa,1.487,0.327,72.78195822,70.88217562,102680.1979,5151.1636
97.80675671,71.99661485,2MASX J06311359+7159476            ,G  ,6:31:13.6216112823,71:59:47.813475576,0.01481,~,~,~,~,~,Sa,0.277,0.232,62.91335697,380.5118958,16533.87388,4440.038
92.14407917,62.6483,2MASX J06083457+6238538            ,G  ,6:8:34.579,62:38:53.88,0.04271,~,~,~,~,~,Sa,0.31,0.192,175.5026183,340.0057908,51617.53801,12804.458
251.1248242,77.83027085,2MASX J16443006+7749489            ,G  ,16:44:29.9578096202,77:49:48.975072288,0.05612,~,16.82,~,15.09,~,Sa,0.3,0.162,227.0017144,351.3393171,64610.39324,16824.776
103.3627658,77.4094894,Mrk 701                            ,G  ,6:53:27.0637952534,77:24:34.161851394,0.016702,~,14.8,~,~,~,Sa,0.447,0.339,70.78949537,235.7981994,30021.21965,5007.2596
138.4958333,81.37305556,LEDA 2785019                       ,G  ,9:13:59,81:22:23,0.0495,~,~,~,~,~,Sa,0.35,0.26,201.7841482,301.1479861,67004.9801,14840.1
249.8948208,66.09587778,2MASX J16393475+6605451            ,G  ,16:39:34.757,66:5:45.16,0.025511,~,~,16.2,~,~,Sa,0.173,0.111,106.9909499,609.2589314,17560.83406,7648.1978
233.9520994,71.40853275,UGC 9942                           ,G  ,15:35:48.5038553046,71:24:30.717901,0.02454,~,16,~,~,~,Sa,0.513,0.185,103.0380674,205.461589,50149.55246,7357.092
107.6281583,61.78638611,UGC 3704                           ,G  ,7:10:30.758,61:47:10.99,0.012035,~,14.5,~,~,~,Sa,1.233,0.321,51.29612222,85.48401877,60006.68074,3608.093
239.8401092,65.22296526,2MASX J15592166+6513229            ,G  ,15:59:21.6261983068,65:13:22.674927493,0.032497,~,16.52,~,14.97,~,Sa,0.29,0.22,135.160391,363.454466,37187.7095,9742.6006
192.6324917,77.55995833,UGC 8136                           ,G  ,12:50:31.798,77:33:35.85,0.02867,~,15.7,~,~,~,Sa,0.323,0.213,119.7874182,326.3213472,36708.42231,8595.266
247.3916875,55.517775,NGC 6182                           ,G  ,16:29:34.005,55:31:3.99,0.01758,~,14.6,~,~,~,Sa,0.807,0.307,74.43229353,130.6094116,56988.46097,5270.484
228.0211637,67.36256631,IC 1110                            ,G  ,15:12:5.0792924157,67:21:45.238704254,0.011445,~,14.9,~,~,~,Sa,0.913,0.292,48.81609327,115.4455588,42284.94694,3431.211
228.1291042,65.89014444,2MASX J15123098+6553245            ,G  ,15:12:30.985,65:53:24.52,0.02322,~,~,15.4,~,~,Sa,0.44,0.194,97.6496023,239.5495344,40763.84558,6961.356
140.8204083,72.06364532,UGC 4967                           ,G  ,9:23:16.8979928537,72:3:49.12316375,0.01211,~,14.9,~,~,~,Sa,0.637,0.369,51.61112681,165.4659264,31191.39265,3630.578
130.60205,67.71155556,2MASX J08422449+6742415            ,G  ,8:42:24.492,67:42:41.6,0.037775,~,~,15.8,~,~,Sa,0.217,0.152,156.1319953,485.7225583,32144.2751,11324.945
119.3287497,58.52083314,UGC 4104                           ,G  ,7:57:18.899939418,58:31:14.999312709,0.01975,~,15.5,~,~,~,Sa,0.73,0.234,83.40255003,144.3860207,57763.59069,5921.05
242.8226792,54.2746,2MASX J16111744+5416285            ,G  ,16:11:17.443,54:16:28.56,0.155773,21.03,~,~,~,~,Sa,0.157,0.157,562.7623886,671.3490136,83825.60743,46700.7454
243.2257726,54.92379977,2MASX J16125415+5455261            ,G  ,16:12:54.1854337174,54:55:25.679186388,0.065,~,~,~,~,~,Sa,0.273,0.175,260.2115619,386.0871617,67397.10298,19487
241.1412024,54.74209484,2MASX J16043390+5444318            ,G  ,16:4:33.8885879225,54:44:31.541407442,0.073,18.8,~,~,~,~,Sa,0.207,0.165,289.5380235,509.1874161,56862.761,21885.4
242.0359708,53.87822778,2MASX J16080868+5352413            ,G  ,16:8:8.633,53:52:41.62,0.06412,19.38,~,~,~,~,Sa,0.213,0.128,256.9516234,494.8441086,51925.77197,19223.176
243.2831773,54.86162154,2MASX J16130794+5451420            ,G  ,16:13:7.9625506486,54:51:41.837552626,0.064,19.63,~,~,~,~,Sa,0.27,0.135,256.5065596,390.377019,65707.39236,19187.2
242.3815417,54.30772222,5MUSES 191                         ,G  ,16:9:31.57,54:18:27.8,0.086017,~,~,~,~,~,Sa,0.35,0.19,336.0877188,301.1479861,111602.1804,25787.8966
242.3942458,53.87268333,2MASS J16093461+5352216            ,G  ,16:9:34.619,53:52:21.66,0.064595,20.88,~,~,~,~,Sa,0.21,0.17,258.7120934,501.9133102,51545.17486,19365.581
164.1091283,71.47922743,2MASX J10562615+7128450            ,G  ,10:56:26.1907875066,71:28:45.218742554,0.0619,~,~,14,~,~,Sa,0.223,0.161,248.6974183,472.6537899,52617.24833,18557.62
167.500075,70.1426,2MASX J11100001+7008333            ,G  ,11:10:0.018,70:8:33.36,0.0402,~,~,~,~,~,Sa,0.287,0.143,165.6790383,367.2536416,45112.97358,12051.96
157.8898,71.63849722,2MASX J10313355+7138185            ,G  ,10:31:33.552,71:38:18.59,0.029,~,~,~,~,~,Sa,0.243,0.165,121.1185892,433.7522434,27923.44963,8694.2
138.8022292,67.50585278,2MASX J09151253+6730210            ,G  ,9:15:12.535,67:30:21.07,0.066505,~,~,17.1,~,~,Sa,0.353,0.127,265.7710758,298.5886548,89009.1005,19938.199
211.4616792,65.71671389,MCG+11-17-016                      ,G  ,14:5:50.803,65:43:0.17,0.03118,~,18,~,~,~,Sa,0.34,0.15,129.8859502,310.0052798,41897.98001,9347.764
198.483819,66.5005331,2MASX J13135612+6630020            ,G  ,13:13:56.1165630324,66:30:1.919147282,0.068,~,16.3,~,~,~,Sa,0.177,0.152,271.2740737,595.490368,45554.73745,20386.4
174.992475,70.20778611,2MASX J11395819+7012280            ,G  ,11:39:58.194,70:12:28.03,0.0608,~,~,~,~,~,Sa,0.337,0.195,244.5913729,312.7649707,78202.93057,18227.84
232.0174357,55.54584903,Mrk 482                            ,G  ,15:28:4.18457375,55:32:45.05649041,0.010814,~,14.8,~,~,~,Sa,0.553,0.255,46.15980521,190.5999912,24218.15705,3242.0372
175.8711367,64.67224668,2MASX J11432900+6440198            ,G  ,11:43:29.0728138768,64:40:20.088061958,0.06236,~,~,~,~,~,Sa,0.357,0.136,250.4113185,295.2431236,84815.29238,18695.528
167.3713808,65.96929475,2MASX J11092904+6558094            ,G  ,11:9:29.1313861451,65:58:9.461099413,0.0424,~,~,~,~,~,Sa,0.413,0.165,174.2925328,255.2101577,68293.72872,12711.52
136.4004965,58.51046586,2MASX J09053611+5830379            ,G  ,9:5:36.1191608122,58:30:37.677080595,0.045275,~,~,~,~,~,Sa,0.367,0.154,185.480818,287.1983519,64582.82812,13573.445
117.1442983,44.68827892,2MASX J07483464+4441172            ,G  ,7:48:34.6316007532,44:41:17.804120928,0.02035,~,15.5,~,~,~,Sa,0.377,0.271,85.87453786,279.5803585,30715.51175,6100.93
212.3913974,60.40951922,NGC 5502                           ,G  ,14:9:33.9353835372,60:24:34.269200583,0.0294,~,16,~,~,~,Sa,0.39,0.203,122.7307168,270.2610132,45411.92063,8814.12
140.902175,56.05456944,2MASX J09233654+5603171            ,G  ,9:23:36.522,56:3:16.45,0.05292,~,~,~,~,~,Sa,0.467,0.196,214.8615335,225.6997755,95197.93855,15865.416
119.9361247,45.36608003,MCG+08-15-033                      ,G  ,7:59:44.6699343709,45:21:57.888121972,0.01625,~,15.5,~,~,~,Sa,0.653,0.183,68.91114905,161.4116311,42692.80259,4871.75
162.3267946,58.34514076,UGC 5919                           ,G  ,10:49:18.4306953795,58:20:42.506740123,0.02809,~,15.5,~,~,~,Sa,0.663,0.172,117.445227,158.9770666,73875.57811,8421.382
226.1544768,48.73877917,2MASX J15043704+4844194            ,G  ,15:4:37.0744417828,48:44:19.604997197,0.0361,~,~,~,~,~,Sa,0.273,0.224,149.505236,386.0871617,38723.18245,10822.78
128.1225,44.18547778,MCG+07-18-018                      ,G  ,8:32:29.4,44:11:7.72,0.0448,~,15.5,~,~,~,Sa,0.373,0.194,183.6376081,282.5785393,64986.39585,13431.04
183.7417542,52.94439167,2MASX J12145801+5256397            ,G  ,12:14:58.021,52:56:39.81,0.01816,~,15.7,~,~,~,Sa,0.347,0.229,76.83447045,303.751571,25295.16808,5444.368
157.9822787,49.36569557,2MASX J10315575+4921567            ,G  ,10:31:55.7468842132,49:21:56.504036556,0.05212,~,~,~,~,~,Sa,0.437,0.201,211.8120262,241.1940392,87818.10151,15625.576
45.19136833,23.18585069,UGC 2472                           ,G  ,3:0:45.9283998402,23:11:9.06249878,0.03388,~,16,~,~,~,Sa,0.627,0.251,140.68126,168.1049364,83686.5728,10157.224
46.53045239,-8.594414479,2MASX J03060729-0835398            ,G  ,3:6:7.308574633,-8:35:39.892122643,0.0346,~,16.84,~,15.51,~,Sa,0.377,0.151,143.548232,279.5803585,51344.17624,10373.08
50.26379583,-36.7253,ESO 357-18                         ,G  ,3:21:3.311,-36:43:31.08,0.041702,~,15.49,~,14.32,~,Sa,0.453,0.281,171.5646071,232.6750445,73735.71475,12502.2596
51.51077763,-17.5914634,NGC 1329                           ,G  ,3:26:2.5866310942,-17:35:29.268248465,0.014503,~,13.38,~,12.07,~,Sa,0.89,0.712,61.63196246,118.4289833,52041.28309,4347.9994
50.98524533,-21.52774483,NGC 1319                           ,G  ,3:23:56.4588798592,-21:31:39.88137729,0.013356,~,13.88,~,12.61,~,Sa,0.793,0.428,56.83605797,132.9152524,42761.12557,4004.1288
54.11120239,-4.701142803,Mrk 613                            ,G  ,3:36:26.6885746557,-4:42:4.114092101,0.021605,~,16,~,~,~,Sa,0.34,0.292,91.0335757,310.0052798,29365.16944,6477.179
56.6239843,0.718802047,2MASX J03462977+0043081            ,G  ,3:46:29.7562329807,0:43:7.687368627,0.02539,~,~,~,~,~,Sa,0.427,0.162,106.4988694,246.8426116,43144.4428,7611.922
58.48562741,-7.072955828,2MASX J03535654-0704221            ,G  ,3:53:56.5505775135,-7:4:22.640979777,0.03321,~,15.43,~,14.06,~,Sa,0.71,0.256,138.0089374,148.4532326,92964.58893,9956.358
58.469375,-38.27905556,ESO 302-18                         ,G  ,3:53:52.65,-38:16:44.6,0.022587,~,15.18,~,13.68,~,Sa,1.05,0.3,95.05951155,100.382662,94697.14154,6771.5826
59.98045402,-24.96374007,2MASX J03595530-2457492            ,G  ,3:59:55.3089654743,-24:57:49.464259859,0.060752,~,15.7,~,~,~,Sa,0.3,0.282,244.411956,351.3393171,69565.78557,18213.4496
59.41409167,-33.94610556,ESO 359-11                         ,G  ,3:57:39.382,-33:56:45.98,0.03398,~,15.52,~,14.67,~,Sa,0.353,0.191,141.0797463,298.5886548,47248.86363,10187.204
63.10553847,-6.429189465,2MASX J04122532-0625455            ,G  ,4:12:25.329233198,-6:25:45.08207319,0.06421,~,~,~,~,~,Sa,0.287,0.138,257.2853383,367.2536416,70056.57921,19250.158
62.33543171,-20.21843821,ESO 550-13                         ,G  ,4:9:20.5036115526,-20:13:6.377545714,0.030812,~,15.24,~,14.07,~,Sa,0.407,0.293,128.4091704,258.9724696,49584.10081,9237.4376
63.17132917,-23.15888611,ESO 483-13                         ,G  ,4:12:41.119,-23:9:31.99,0.003,14.91,14.23,13.61,13.32,13.8,Sa,0.62,0.384,12.92712985,170.0028954,7604.064522,899.4
63.96563333,-24.79457222,ESO 484-2                          ,G  ,4:15:51.752,-24:47:40.46,0.043878,~,15.63,~,14.01,~,Sa,0.5,0.31,180.0538726,210.8035903,85413.09584,13154.6244
63.35065,-41.39521667,ESO 303-3                          ,G  ,4:13:24.156,-41:23:42.78,0.02712,~,15.04,~,13.49,~,Sa,0.67,0.415,113.5208166,157.3161121,72160.95991,8130.576
67.28953603,-29.78454361,ESO 421-1                          ,G  ,4:29:9.4886467511,-29:47:4.356978176,0.034436,~,15.3,~,13.96,~,Sa,0.39,0.32,142.8956343,270.2610132,52873.19566,10323.9128
66.60775,-40.65441389,ESO 303-16                         ,G  ,4:26:25.86,-40:39:15.89,0.020457,~,15.34,~,13.72,~,Sa,0.43,0.344,86.3150004,245.1204538,35213.29985,6133.0086
69.52260417,8.889208333,UGC 3111                           ,G  ,4:38:5.425,8:53:21.15,0.033155,~,16.5,~,~,~,Sa,0.58,0.232,137.7893771,181.727233,75822.08499,9939.869
68.62249931,-24.92158696,ESO 484-33                         ,G  ,4:34:29.3998338049,-24:55:17.713063774,0.041526,~,15.1,~,13.35,~,Sa,0.68,0.408,170.8760451,155.0026399,110240.7322,12449.4948
70.19668044,-37.35592484,ESO 361-6                          ,G  ,4:40:47.2033059643,-37:21:21.329413917,0.041227,~,15.11,~,13.9,~,Sa,0.5,0.34,169.7056084,210.8035903,80504.13569,12359.8546
72.23312455,-23.72985817,ESO 485-16                         ,G  ,4:48:55.9498911094,-23:43:47.489414948,0.027102,~,15.31,~,13.89,~,Sa,0.517,0.3,113.4479061,203.8719442,55646.64943,8125.1796
73.02822083,-27.973125,ESO 422-4                          ,G  ,4:52:6.773,-27:58:23.25,0.016016,~,15.36,~,14.83,15.2,Sa,0.293,0.123,67.93792572,359.7330892,18885.64821,4801.5968
71.04761667,-41.49759722,NGC 1660                           ,G  ,4:44:11.428,-41:29:51.35,0.02089,~,14.86,~,13.71,~,Sa,0.567,0.249,88.0962742,185.8938186,47390.64207,6262.822
72.47535774,-41.94400187,ESO 304-24                         ,G  ,4:49:54.0858572948,-41:56:38.406724436,0.01966,~,15.4,~,14.38,~,Sa,0.563,0.282,83.03144355,187.2145562,44350.95499,5894.068
74.49701083,2.93509659,UGC 3213                           ,G  ,4:57:59.2826003805,2:56:6.34772324,0.02816,~,15.7,~,~,~,Sa,0.527,0.232,117.7280784,200.0034063,58863.03664,8442.368
74.624295,-18.02091741,ESO 552-37                         ,G  ,4:58:29.8308001362,-18:1:15.302673309,0.04258,~,15.72,~,14.4,~,Sa,0.553,0.221,174.9952721,190.5999912,91812.84375,12765.484
75.67296819,-22.22693981,ESO 552-55                         ,G  ,5:2:41.5123651917,-22:13:36.983306532,0.048053,~,15.47,~,14.38,~,Sa,0.483,0.251,196.2189732,218.2231783,89916.65079,14406.2894
75.48777221,-23.17618441,ESO 486-11                         ,G  ,5:1:57.0653294184,-23:10:34.263873296,0.0355,~,15.58,~,14.38,~,Sa,0.277,0.221,147.1250015,380.5118958,38665.02024,10642.9
75.0609372,-22.18773964,ESO 552-46                         ,G  ,5:0:14.6249290043,-22:11:15.862693233,0.05054,~,15.65,~,14.51,~,Sa,0.547,0.251,205.7721676,192.6906675,106788.8602,15151.892
74.95777024,-23.9266209,ESO 486-4                          ,G  ,4:59:49.8648566118,-23:55:35.83522722,0.037766,~,15.39,~,13.8,~,Sa,0.567,0.283,156.0964598,185.8938186,83970.76405,11322.2468
75.68800322,-25.53683166,ESO 486-14                         ,G  ,5:2:45.1207734366,-25:32:12.593966324,0.023176,~,14.8,~,13.22,~,Sa,0.417,0.367,97.46969195,252.7620987,38561.83046,6948.1648
73.96314633,-29.88355078,NGC 1701                           ,G  ,4:55:51.1551190036,-29:53:0.782797884,0.019565,~,13.63,~,12.44,~,Sa,0.85,0.629,82.63963272,124.0021119,66643.73004,5865.587
77.90992083,-20.42719167,ESO 553-20                         ,G  ,5:11:38.381,-20:25:37.89,0.013433,~,13.57,~,11.82,~,Sa,1.177,0.518,57.15843116,89.55122782,63827.63537,4027.2134
76.71226834,-20.34516446,ESO 553-5                          ,G  ,5:6:50.9444009138,-20:20:42.592066944,0.03162,~,14.68,~,13.17,~,Sa,0.64,0.41,131.6499551,164.6903049,79937.8902,9479.676
76.70203467,-28.24986066,ESO 422-34                         ,G  ,5:6:48.4883219323,-28:14:59.498385962,0.03666,~,16.19,~,15.14,~,Sa,0.253,0.172,151.723706,416.6078859,36418.82718,10990.668
76.91987718,-28.0796062,ESO 422-36                         ,G  ,5:7:40.7705243285,-28:4:46.582329223,0.03807,~,15.34,~,13.92,~,Sa,0.53,0.212,157.2963482,198.8713116,79094.53955,11413.386
76.8781,-42.07926111,ESO 305-7                          ,G  ,5:7:30.744,-42:4:45.34,0.0442,~,15.14,~,13.87,~,Sa,0.46,0.23,181.3063553,229.1343373,79126.66318,13251.16
79.57786752,-21.32767176,ESO 553-31                         ,G  ,5:18:18.6882059736,-21:19:39.618349481,0.02959,~,15.66,~,~,~,Sa,0.363,0.233,123.4959354,290.363072,42531.55696,8871.082
79.90999575,-24.89293639,ESO 486-52                         ,G  ,5:19:38.3989806935,-24:53:34.571021034,0.03584,~,14.99,~,13.42,~,Sa,0.533,0.437,148.4742208,197.7519609,75081.03595,10744.832
78.95329265,-25.17502768,ESO 486-42                         ,G  ,5:15:48.790234813,-25:10:30.099631583,0.03216,~,15.89,~,14.64,~,Sa,0.263,0.211,133.8123281,400.7672819,33389.03502,9641.568
81.49563995,-26.32287946,ESO 487-9                          ,G  ,5:25:58.9535886508,-26:19:22.366039354,0.05984,~,15.58,~,14.25,~,Sa,0.43,0.301,240.9991498,245.1204538,98318.66172,17940.032
82.61543931,-20.31362531,ESO 554-6                          ,G  ,5:30:27.7054345289,-20:18:49.051130332,0.06812,~,16.02,~,14.47,~,Sa,0.38,0.175,271.7149424,277.3731451,97960.0755,20422.376
83.58274167,-23.42699167,ESO 487-26                         ,G  ,5:34:19.858,-23:25:37.17,0.03142,~,15.5,~,14.29,~,Sa,0.52,0.198,130.8483654,202.6957599,64554.07133,9419.716
85.3402723,-18.78735859,ESO 554-25                         ,G  ,5:41:21.6653520103,-18:47:14.490923261,0.042167,~,15.41,~,14.03,~,Sa,0.437,0.245,173.3824271,241.1940392,71885.03813,12641.6666
87.14160927,-32.75407067,ESO 363-28                         ,G  ,5:48:33.9862245069,-32:45:14.654414373,0.03461,~,15.56,~,14.25,~,Sa,0.447,0.402,143.5880162,235.7981994,60894.44983,10376.078
87.38249301,-19.5502888,ESO 555-1                          ,G  ,5:49:31.7983216314,-19:33:1.039689972,0.028737,~,14.54,~,13.08,~,Sa,0.747,0.403,120.0577716,141.1001274,85086.93353,8615.3526
88.10784167,-19.44140278,ESO 555-7                          ,G  ,5:52:25.882,-19:26:29.05,0.006687,~,14.76,~,13.33,14.2,Sa,0.437,0.245,28.68621853,241.1940392,11893.41935,2004.7626
87.22412805,-25.11328392,2MASX J05485377-2506474            ,G  ,5:48:53.7907322024,-25:6:47.822114943,0.044134,~,15,~,15.22,~,Sa,0.24,0.158,181.0497136,439.1741464,41225.03911,13231.3732
87.6705495,-32.13768556,ESO 424-26                         ,G  ,5:50:40.9318811756,-32:8:15.668009685,0.042029,~,15.74,~,14.6,~,Sa,0.247,0.222,172.8431557,426.7279155,40504.30013,12600.2942
89.95744692,-35.53342593,ESO 364-21                         ,G  ,5:59:49.7872596422,-35:32:0.333360007,0.03229,~,15.55,~,14.27,~,Sa,0.433,0.217,134.3324814,243.4221597,55184.98463,9680.542
92.2838125,42.08513889,UGC 3407                           ,G  ,6:9:8.115,42:5:6.5,0.012055,~,14.6,~,~,~,Sa,0.737,0.471,51.38012903,143.0146474,35926.48023,3614.089
91.62550574,-24.68599803,ESO 489-2                          ,G  ,6:6:30.121376838,-24:41:9.59289538,0.01941,~,14.49,~,13.18,~,Sa,0.693,0.43,82.00016985,152.0949425,53913.80444,5819.118
92.71400704,-33.88229881,ESO 364-39                         ,G  ,6:10:51.3616894579,-33:52:56.275733669,0.029654,~,13.81,~,12.6,~,Sa,0.73,0.54,123.7536147,144.3860207,85710.24676,8890.2692
36.14041667,56.01083333,LEDA 168300                        ,G  ,2:24:33.7,56:0:39,0.00025,~,16.2,~,~,~,Ir,0.74,0.45,1.080862019,142.4348583,758.8465578,74.95
36.86208333,57.48805556,LEDA 2807107                       ,G  ,2:27:26.9,57:29:17,0.000234,~,17.8,~,~,~,Ir,1.7,0.5,1.011706513,62.00105596,1631.756908,70.1532
53.47916667,68.10833333,LEDA 13188                         ,G  ,3:33:55,68:6:30,0.004673,~,~,~,~,~,Ir,1.66,0.66,20.09538089,63.49505731,31648.73259,1400.9654
61.26,71.56555556,LEDA 166863                        ,G  ,4:5:2.4,71:33:56,0.005784,~,~,~,~,~,Ir,1.2,0.5,24.8396037,87.83482928,28279.90207,1734.0432
63.0275,70.77166667,LEDA 166864                        ,G  ,4:12:6.6,70:46:18,0.003874,~,~,~,~,~,Ir,0.89,0.4,16.67555946,118.4289833,14080.64056,1161.4252
73.27958333,67.09916667,NAME Cam B                         ,G  ,4:53:7.1,67:5:57,0.000257,~,16.71,~,~,~,Ir,2.04,1.02,1.111116708,51.66754664,2150.51184,77.0486
65.63720833,85.83802778,2MASX J04223292+8550169            ,G  ,4:22:32.93,85:50:16.9,0.005707,~,17.5,~,~,~,Ir,0.553,0.243,24.51120812,190.5999912,12860.02584,1710.9586
89.91833333,73.42777778,LEDA 95594                         ,G  ,5:59:40.4,73:25:40,0.000367,~,17.1,~,~,~,Ir,0.89,0.55,1.586479958,118.4289833,1339.604473,110.0266
252.63745,69.02951667,MCG+12-16-011                      ,G  ,16:50:32.988,69:1:46.26,0.0179,~,16.3,~,~,~,Ir,0.513,0.144,75.75804797,205.461589,36872.12211,5366.42
126.7439226,65.24547527,MCG+11-11-003                      ,G  ,8:26:58.5414120513,65:14:43.71096001,0.04787,~,16,~,~,~,Ir,0.583,0.315,195.5137859,180.7921014,108142.8803,14351.426
45.93905417,-22.25393889,ESO 547-7                          ,G  ,3:3:45.373,-22:15:14.18,0.014444,~,15.19,~,14.38,14.8,Ir,0.673,0.175,61.38559214,156.6148516,39195.25607,4330.3112
46.76629167,-26.40169444,6dFGS gJ030703.9-262407            ,G  ,3:7:3.91,-26:24:6.1,0.021525,~,16.55,~,15.877,~,Ir,0.62,0.4,90.70517778,170.0028954,53355.0782,6453.195
50.20041667,-19.99955556,6dFGS gJ032048.1-195958            ,G  ,3:20:48.1,-19:59:58.4,0.01313,~,16.36,~,~,~,Ir,0.48,0.42,55.88952531,219.5870732,25452.10175,3936.374
49.40916667,-24.90944444,LEDA 2815803                       ,G  ,3:17:38.2,-24:54:34,0.006561,~,16.9,~,16.6,15.7,Ir,0.79,0.35,28.14998673,133.4199938,21098.77681,1966.9878
50.57374301,-30.78988982,2dFGRS TGS399Z098                  ,G  ,3:22:17.6983228298,-30:47:23.60334605,0.0661,~,15.894,~,14.667,~,Ir,0.333,0.2,264.2769418,316.5219073,83494.04439,19816.78
51.69655833,-17.78273611,2MASX J03264717-1746578            ,G  ,3:26:47.174,-17:46:57.85,0.05522,~,16.03,~,~,~,Ir,0.213,0.154,223.5966173,494.8441086,45185.26408,16554.956
52.5670375,-19.85033056,2MASX J03301608-1951011            ,G  ,3:30:16.089,-19:51:1.19,0.04423,~,16.05,~,~,~,Ir,0.243,0.131,181.4229972,433.7522434,41826.41127,13260.154
55.6819625,-17.92949722,2MASX J03424367-1755461            ,G  ,3:42:43.671,-17:55:46.19,0.03939,~,16.17,~,~,~,Ir,0.24,0.192,162.4962839,439.1741464,37000.42119,11809.122
54.92125,-23.84472222,ESO 482-27                         ,G  ,3:39:41.1,-23:50:41,0.005439,~,16.63,~,15.97,~,Ir,0.72,0.28,23.36774285,146.3913821,15962.51262,1630.6122
57.29891667,-24.494,6dFGS gJ034911.8-242938            ,G  ,3:49:11.74,-24:29:38.4,0.04269,~,16.28,~,~,~,Ir,0.5,0.38,175.4245753,210.8035903,83217.07189,12798.462
59.19735755,-27.34718695,2MASX J03564734-2720502            ,G  ,3:56:47.3658117671,-27:20:49.873008862,0.06474,~,16.42,~,~,~,Ir,0.307,0.202,259.2491055,343.3283229,75510.55015,19409.052
63.41934953,-24.03284649,MCG-04-11-002                      ,G  ,4:13:40.6438874383,-24:1:58.247381559,0.05871,~,16.05,~,~,~,Ir,0.27,0.211,236.7603057,390.377019,60649.14024,17601.258
63.79374167,-29.19020278,2MASX J04151049-2911247            ,G  ,4:15:10.498,-29:11:24.73,0.06564,~,16.25,~,~,~,Ir,0.313,0.157,262.5781621,336.7469493,77974.91932,19678.872
62.18991667,-35.3895,ESO 359-22                         ,G  ,4:8:45.58,-35:23:22.2,0.004777,~,15.99,~,15.79,15.9,Ir,1.07,0.28,20.54002689,98.5063506,20851.47482,1432.1446
66.40716667,-26.58777778,ESO 484-17                         ,G  ,4:25:37.72,-26:35:16,0.01354,~,15.87,~,14.96,~,Ir,0.81,0.62,57.60630475,130.125673,44269.74587,4059.292
68.76128333,-28.33026389,2MASX J04350270-2819489            ,G  ,4:35:2.708,-28:19:48.95,0.04298,~,15.89,~,~,~,Ir,0.303,0.206,176.5558342,347.86071,50754.75013,12885.404
70.10745833,-41.69622222,6dFGS gJ044025.8-414146            ,G  ,4:40:25.79,-41:41:46.4,0.01629,~,16.25,~,~,~,Ir,0.62,0.43,69.07745702,170.0028954,40633.10619,4883.742
71.6372,-26.410925,ESO 485-11                         ,G  ,4:46:32.928,-26:24:39.33,0.01849,~,15.69,~,14.71,~,Ir,0.36,0.166,78.19972761,292.7827643,26709.12948,5543.302
71.31872614,-33.07861454,2MASX J04451645-3304431            ,G  ,4:45:16.4942746739,-33:4:43.012327156,0.07899,~,16.35,~,~,~,Ir,0.26,0.156,311.1361542,405.3915198,76749.54679,23681.202
75.1202,-33.43179167,6dFGS gJ050029.0-332553            ,G  ,5:0:28.848,-33:25:54.45,0.0412,~,16.36,~,~,~,Ir,0.257,0.18,169.5998756,410.1237165,41353.34504,12351.76
74.40191667,-36.57033333,6dFGS gJ045736.5-363413            ,G  ,4:57:36.46,-36:34:13.2,0.03871,~,16.38,~,~,~,Ir,0.5,0.4,159.819579,210.8035903,75814.44833,11605.258
74.33170833,-41.57652778,6dFGS gJ045719.7-413434            ,G  ,4:57:19.61,-41:34:35.5,0.05077,~,16.3,~,~,~,Ir,0.5,0.45,206.6528007,210.8035903,98030.96828,15220.846
76.70666667,-27.65805556,ESO 422-33                         ,G  ,5:6:49.6,-27:39:29,0.004244,~,14.45,~,13.8,13.8,Ir,1.38,0.65,18.26003033,76.37811242,23907.41241,1272.3512
78.75195833,-41.39266667,ESO 305-17                         ,G  ,5:15:0.47,-41:23:33.6,0.00358,~,14.61,~,14.1,14.1,Ir,1.74,0.63,15.41553314,60.57574433,25448.35942,1073.284
95.45916667,-20.225,ESO 556-19                         ,G  ,6:21:50.2,-20:13:30,0.006231,~,14.88,~,14,~,Ir,1.38,1.26,26.74479399,76.37811242,35016.30656,1868.0538
109.14,-40.09527778,ESO 310-7                          ,G  ,7:16:33.6,-40:5:43,0.004641,~,16.32,~,15.99,15.9,Ir,0.74,0.34,19.95854418,142.4348583,14012.40147,1391.3718
114.5091667,-1.504166667,LEDA 2807123                       ,G  ,7:38:2.2,-1:30:15,0.004515,~,16.5,~,16.4,16.7,Ir,0.55,0.5,19.41964639,191.6396275,10133.41898,1353.597
113.2291667,-35.48861111,ESO 368-4                          ,G  ,7:32:55,-35:29:19,0.004674,~,14.9,~,14.6,14.4,Ir,0.91,0.58,20.09965687,115.8261485,17353.29814,1401.2652
128.897,-32.14502778,ESO 431-18                         ,G  ,8:35:35.28,-32:8:42.1,0.005148,~,12.9,~,13,12.1,Ir,3.63,0.831,22.12530284,29.0363072,76198.749,1543.3704
339.1617083,-43.03375,6dFGS gJ223638.9-430201            ,G  ,22:36:38.81,-43:2:1.5,0.00913,~,16.36,~,~,~,Ir,0.53,0.38,39.05087728,198.8713116,19636.25471,2737.174
340.35775,-42.04030556,6dFGS gJ224125.8-420225            ,G  ,22:41:25.86,-42:2:25.1,0.03143,~,16.3,~,~,~,Ir,0.66,0.5,130.888454,159.6996896,81959.11611,9422.714
344.2870833,-42.805,ESO 290-28                         ,G  ,22:57:8.9,-42:48:18,0.003101,~,14.3,~,13.57,13.9,Ir,3.89,2.51,13.36070711,27.09557716,49309.54981,929.6798
354.7347417,-42.42336667,ESO 292-5                          ,G  ,23:38:56.338,-42:25:24.12,0.03133,~,15.52,~,14.66,~,Ir,0.45,0.171,130.4875246,234.2262114,55710.04365,9392.734
16.90416667,-41.855,6dFGS gJ010737.0-415118            ,G  ,1:7:37,-41:51:18,0.02395,~,16.15,~,~,~,Ir,0.75,0.47,100.6317012,140.5357269,71605.77842,7180.21
30.27592917,-38.30198611,2MASX J02010622-3818071            ,G  ,2:1:6.223,-38:18:7.15,0.0207,~,15.26,~,~,~,Ir,0.217,0.143,87.31488163,485.7225583,17976.28711,6205.86
35.49041667,-38.87363889,LEDA 131081                        ,G  ,2:21:57.7,-38:52:25.1,0.007467,~,16.19,~,15.6,16.2,Ir,0.72,0.43,32.00210827,146.3913821,21860.6504,2238.6066
343.3495833,-38.80122222,ESO 346-7                          ,G  ,22:53:23.9,-38:48:4.4,0.002936,~,15.06,~,14.26,~,Ir,0.81,0.63,12.65233282,130.125673,9723.164174,880.2128
352.9775978,-40.7621023,2dFGRS TGS811Z184                  ,G  ,23:31:54.6234818541,-40:45:43.568277846,0.0455,~,15.849,~,14.636,~,Ir,0.357,0.264,186.3531887,295.2431236,63118.5534,13640.9
2.474204167,-39.856,6dFGS gJ000953.8-395122            ,G  ,0:9:53.809,-39:51:21.6,0.058867,~,16.21,~,~,~,Ir,0.287,0.229,237.3499227,367.2536416,64628.33743,17648.3266
5.335416667,-40.46638889,ESO 294-4                          ,G  ,0:21:20.5,-40:27:59,0.027519,~,15.92,~,15.2,~,Ir,1.35,0.2,115.1361914,78.07540381,147467.9422,8250.1962
37.635125,-35.00738889,2dFGRS TGS576Z238                  ,G  ,2:30:32.43,-35:0:26.6,0.0207,~,16.594,~,15.884,~,Ir,0.6,0.35,87.31488163,175.6696586,49704.01966,6205.86
39.62925,-33.64725,2dFGRS TGS519Z336                  ,G  ,2:38:31.02,-33:38:50.1,0.0168,~,16.068,~,15.335,~,Ir,0.75,0.63,71.19647732,140.5357269,50660.76714,5036.64
41.10529167,-33.8675,2dFGRS TGS520Z101                  ,G  ,2:44:25.27,-33:52:3,0.0352,~,16.507,~,15.667,~,Ir,0.55,0.48,145.9336014,191.6396275,76150.01308,10552.96
319.2975685,-31.30025809,2MASX J21171141-3118008            ,G  ,21:17:11.4164348912,-31:18:0.929133768,0.07225,~,15.95,~,~,~,Ir,0.507,0.345,286.8121722,207.8930871,137961.3802,21660.55
338.8688667,-36.93155,2dFGRS TGS591Z093                  ,G  ,22:35:28.528,-36:55:53.58,0.0448,~,15.935,~,15.132,~,Ir,0.263,0.153,183.6376081,400.7672819,45821.50699,13431.04
347.7201833,-38.31145,ESO 346-35                         ,G  ,23:10:52.844,-38:18:41.22,0.007608,~,15.62,~,14.91,~,Ir,0.313,0.188,32.60085079,336.7469493,9681.112437,2280.8784
356.1970833,-37.28568889,6dFGS gJ234447.3-371709            ,G  ,23:44:47.3,-37:17:8.48,0.04198,~,16.39,~,~,~,Ir,0.23,0.133,172.6516325,458.2686745,37674.762,12585.604
2.905416667,-36.93813889,ESO 349-39                         ,G  ,0:11:37.3,-36:56:17.3,0.006481,~,15.71,~,15.12,15.8,Ir,1.23,0.47,27.80943711,85.69251637,32452.58547,1943.0038
9.682525118,-38.96653775,2MASX J00384384-3857597            ,G  ,0:38:43.8060282733,-38:57:59.535915492,0.064178,~,16.27,~,~,~,Ir,0.263,0.242,257.1666923,400.7672819,64168.58459,19240.5644
21.60829167,-35.49077778,2dFGRS TGS565Z345                  ,G  ,1:26:25.99,-35:29:26.8,0.0184,~,15.793,~,15.154,~,Ir,0.72,0.33,77.82749246,146.3913821,53163.98501,5516.32
323.9566958,-30.31039444,2MASX J21354960-3018374            ,G  ,21:35:49.607,-30:18:37.42,0.09068,~,16.1,~,~,~,Ir,0.49,0.284,352.4189215,215.1057044,163835.2282,27185.864
324.91325,-29.75033333,6dFGS gJ213939.2-294502            ,G  ,21:39:39.18,-29:45:1.2,0.02405,~,16.38,~,~,~,Ir,0.48,0.33,101.0398002,219.5870732,46013.54658,7210.19
328.8770458,-32.20631389,6dFGS gJ215530.4-321224            ,G  ,21:55:30.491,-32:12:22.73,0.0214,~,16.157,~,15.566,~,Ir,0.187,0.123,90.19192937,563.6459633,16001.52139,6415.72
338.9052417,-34.63688611,2dFGRS TGS533Z097                  ,G  ,22:35:37.258,-34:38:12.79,0.061126,~,15.995,~,14.69,~,Ir,0.313,0.194,245.8093725,336.7469493,72995.27821,18325.5748
338.8026667,-33.16516667,6dFGS gJ223512.7-330955            ,G  ,22:35:12.64,-33:9:54.6,0.031432,~,16.235,~,15.603,~,Ir,0.68,0.43,130.8964716,155.0026399,84447.89825,9423.3136
341.2192917,-34.213,ESO 406-10                         ,G  ,22:44:52.63,-34:12:46.8,0.029186,~,15.27,14.39,~,~,Ir,0.912,0.63,121.8684211,115.5721438,105447.9194,8749.9628
343.7598875,-33.08933333,2dFGRS TGS484Z116                  ,G  ,22:55:2.373,-33:5:21.6,0.0555,~,16.288,~,15.69,~,Ir,0.237,0.189,224.6567613,444.7333128,50514.93892,16638.9
348.79,-33.25305556,ESO 407-12                         ,G  ,23:15:9.6,-33:15:11,0.020215,~,16.6,~,15.36,~,Ir,1.1,0.14,85.31865209,95.81981376,89040.72001,6060.457
355.52175,-34.40094444,2dFGRS TGS544Z303                  ,G  ,23:42:5.22,-34:24:3.4,0.0098,~,16.07,~,15.638,~,Ir,0.8,0.57,41.88272114,131.7522439,31789.00024,2938.04
18.49394583,-32.64504722,6dFGS gJ011358.4-323842            ,G  ,1:13:58.547,-32:38:42.17,0.0334,~,15.29,~,14.55,~,Ir,0.26,0.161,138.7671961,405.3915198,34230.41414,10013.32
36.635375,-28.77511111,6dFGS gJ022632.5-284629            ,G  ,2:26:32.49,-28:46:30.4,0.01494,~,16.39,~,~,~,Ir,0.52,0.37,63.45568083,202.6957599,31305.87481,4479.012
41.62664426,-28.09215333,2dFGRS TGS235Z116                  ,G  ,2:46:30.3946232902,-28:5:31.751977616,0.056915,~,16.228,~,14.691,~,Ir,0.343,0.268,230.0034995,307.2938634,74848.06138,17063.117
42.09376667,-27.31551389,2dFGRS TGS235Z051                  ,G  ,2:48:22.504,-27:18:55.85,0.064047,~,16.368,~,15.071,~,Ir,0.393,0.197,256.6808913,268.197952,95705.76114,19201.2906
44.84375,-27.23138889,ESO 480-18                         ,G  ,2:59:22.5,-27:13:53,0.017822,~,16.32,~,15.79,~,Ir,0.62,0.41,75.43498961,170.0028954,44372.76755,5343.0356
321.6631167,-26.57850278,2MASX J21263914-2634426            ,G  ,21:26:39.148,-26:34:42.61,0.01905,~,15.81,~,~,~,Ir,0.327,0.144,80.5140438,322.3296487,24978.7893,5711.19
325.983675,-28.17076667,2MASX J21435608-2810147            ,G  ,21:43:56.082,-28:10:14.76,0.04805,~,16.31,~,~,~,Ir,0.213,0.132,196.2074153,494.8441086,39650.34883,14405.39
329.5398542,-28.66186389,ESO 466-22                         ,G  ,21:58:9.565,-28:39:42.71,0.021662,~,15.84,~,15.16,~,Ir,0.197,0.134,91.26752063,535.0344931,17058.24985,6494.2676
329.4540833,-27.41530556,2dFGRS TGS171Z009                  ,G  ,21:57:48.98,-27:24:55.1,0.0527,~,16.114,~,15.244,~,Ir,0.52,0.47,214.0234975,202.6957599,105588.542,15799.46
330.5911542,-28.58891111,2dFGRS TGS250Z052                  ,G  ,22:2:21.877,-28:35:20.08,0.0361,~,16.504,~,15.362,~,Ir,0.227,0.163,149.505236,464.3250887,32198.39713,10822.78
336.7248446,-30.88562476,ESO 467-62                         ,G  ,22:26:53.9627106517,-30:53:8.249152722,0.013346,~,14.94,~,14.44,~,Ir,0.193,0.151,56.79418692,546.1232909,10399.51745,4001.1308
338.0271667,-29.56052778,6dFGS gJ223206.6-293338            ,G  ,22:32:6.52,-29:33:37.9,0.0092,~,16.417,~,15.707,~,Ir,0.49,0.46,39.34695641,215.1057044,18291.91677,2758.16
340.4849583,-31.81752778,ESO 468-22                         ,G  ,22:41:56.39,-31:49:3.1,0.0292,~,16.02,~,15.53,~,Ir,0.66,0.5,121.9248465,159.6996896,76346.32652,8754.16
343.57675,-32.41291667,6dFGS gJ225418.4-322446            ,G  ,22:54:18.42,-32:24:46.5,0.055608,~,15.912,~,15.036,~,Ir,0.35,0.217,225.0654856,301.1479861,74735.84282,16671.2784
346.1969292,-30.41950278,ESO 469-9                          ,G  ,23:4:47.263,-30:25:10.21,0.028894,~,15.97,~,15.18,~,Ir,0.39,0.133,120.6911159,270.2610132,44657.24245,8662.4212
346.3474508,-32.17702854,6dFGS gJ230523.4-321037            ,G  ,23:5:23.3881929715,-32:10:37.302749229,0.0602,~,15.72,~,14.631,~,Ir,0.493,0.237,242.3471923,213.7967447,113354.0142,18047.96
358.727625,-31.20572222,2dFGRS TGS356Z159                  ,G  ,23:54:54.63,-31:12:20.6,0.0295,~,16.123,~,15.929,~,Ir,0.7,0.65,123.1335069,150.5739931,81776.0786,8844.1
31.91876667,-27.62006389,6dFGS gJ020740.5-273712            ,G  ,2:7:40.504,-27:37:12.23,0.069558,~,16.56,~,15.763,~,Ir,0.25,0.155,276.9882946,421.6071806,65698.19192,20853.4884
38.59064583,-26.18883889,6dFGS gJ023421.7-261120            ,G  ,2:34:21.755,-26:11:19.82,0.0509,~,15.736,~,14.584,~,Ir,0.213,0.162,207.1503366,494.8441086,41861.73646,15259.82
38.8156625,-26.63936111,2dFGRS TGS232Z203                  ,G  ,2:35:15.759,-26:38:21.7,0.0517,~,16.085,~,15.41,~,Ir,0.217,0.104,210.2087097,485.7225583,43277.52668,15499.66
39.43910665,-26.50389623,2dFGRS TGS159Z234                  ,G  ,2:37:45.3855970558,-26:30:14.026437544,0.0555,~,16.542,~,15.507,~,Ir,0.277,0.155,224.6567613,380.5118958,59040.66701,16638.9
40.74019167,-24.59651944,2MASX J02425764-2435474            ,G  ,2:42:57.646,-24:35:47.47,0.05719,~,16.39,~,~,~,Ir,0.21,0.143,231.0405339,501.9133102,46031.95995,17145.562
42.4978125,-25.76824722,6dFGS gJ024959.5-254605            ,G  ,2:49:59.475,-25:46:5.69,0.045658,~,16.244,~,15.471,~,Ir,0.227,0.141,186.965507,464.3250887,40266.07899,13688.2684
317.7348333,-22.44819444,6dFGS gJ211056.4-222653            ,G  ,21:10:56.36,-22:26:53.5,0.02697,~,16.26,~,~,~,Ir,0.62,0.5,112.9131323,170.0028954,66418.35839,8085.606
328.3425,-26.57805556,ESO 532-2                          ,G  ,21:53:22.2,-26:34:41,0.005934,~,16.25,~,14.87,15.5,Ir,0.66,0.15,25.47915941,159.6996896,15954.42012,1779.0132
328.8357917,-25.00163889,6dFGS gJ215520.6-250004            ,G  ,21:55:20.59,-25:0:5.9,0.0082,~,16.224,~,15.779,~,Ir,0.53,0.42,35.11249014,198.8713116,17655.88503,2458.36
329.4788833,-27.19603056,2dFGRS TGS172Z228                  ,G  ,21:57:54.932,-27:11:45.71,0.049,~,15.991,~,15.212,~,Ir,0.303,0.152,199.8633124,347.86071,57454.98318,14690.2
330.866,-26.16941667,2dFGRS TGS114Z193                  ,G  ,22:3:27.84,-26:10:9.9,0.0333,~,16.221,~,16.217,~,Ir,0.63,0.53,138.3681556,167.3044367,82704.41498,9983.34
335.6030103,-26.74758108,2dFGRS TGS178Z186                  ,G  ,22:22:24.7224815092,-26:44:51.291873855,0.1103,~,16.143,~,15.258,~,Ir,0.25,0.23,419.2105058,421.6071806,99431.53843,33067.94
338.00525,-28.02436111,ESO 468-8                          ,G  ,22:32:1.26,-28:1:27.7,0.0091,~,16.12,~,15.59,~,Ir,0.87,0.45,38.92397087,121.1514887,32128.34716,2728.18
337.836975,-28.09975,2dFGRS TGS257Z078                  ,G  ,22:31:20.874,-28:5:59.1,0.027966,~,16.38,~,15.733,~,Ir,0.17,0.146,116.9440593,620.0105596,18861.6238,8384.2068
357.7634036,46.72367023,UGC 12809                          ,G  ,23:51:3.2168577793,46:43:25.212844433,0.046008,~,15.3,~,~,~,Sb,0.5,0.44,188.321087,210.8035903,89334.85751,13793.1984
6.3746625,45.92172222,UGC 243                            ,G  ,0:25:29.919,45:55:18.2,0.016975,~,14.9,~,~,~,Sb,1.55,0.341,71.92299154,68.00115816,105767.3038,5089.105
21.94447083,43.15436667,UGC 1037                           ,G  ,1:27:46.673,43:9:15.72,0.051843,~,15.4,~,~,~,Sb,0.67,0.268,210.7547807,157.3161121,133968.9736,15542.5314
36.50204766,39.47094013,UGC 1886                           ,G  ,2:26:0.4914395175,39:28:15.384460839,0.016338,~,13.1,~,~,~,Sb,1.347,0.593,69.27700539,78.24929112,88533.71628,4898.1324
37.91697196,39.37828702,UGC 1993                           ,G  ,2:31:40.0732714398,39:22:41.833275577,0.026725,~,14.3,~,~,~,Sb,1.187,0.285,111.9201103,88.79679456,126040.7099,8012.155
3.509229167,48.23488056,NGC 48                             ,G  ,0:14:2.215,48:14:5.57,0.01676,~,15,~,~,~,Sb,0.87,0.435,71.03037386,121.1514887,58629.38594,5024.648
48.74144583,39.34873056,UGC 2610                           ,G  ,3:14:57.947,39:20:55.43,0.016925,~,15.7,~,13.61,~,Sb,0.507,0.294,71.71544734,207.8930871,34496.31171,5074.115
292.7835375,54.10215278,UGC 11453                          ,G  ,19:31:8.049,54:6:7.75,0.01289,~,14.4,~,~,~,Sb,0.987,0.868,54.88379186,106.790066,51394.09864,3864.422
340.149325,72.86392222,UGC 12154                          ,G  ,22:40:35.838,72:51:50.12,0.014008,~,16,~,~,~,Sb,1.313,0.263,59.56386863,80.27554847,74199.26711,4199.5984
294.579455,61.60253592,UGC 11463                          ,G  ,19:38:19.0692011233,61:36:9.129297235,0.04008,~,15.5,~,~,~,Sb,0.38,0.312,165.2079079,277.3731451,59561.6089,12015.984
280.4885542,50.23562222,UGC 11335                          ,G  ,18:41:57.253,50:14:8.24,0.022188,~,16,~,~,~,Sb,0.873,0.175,93.42486658,120.7351605,77379.99947,6651.9624
15.99051495,80.65943619,UGC 642                            ,G  ,1:3:57.7235883078,80:39:33.970268166,0.0259,~,16,~,~,~,Sb,0.613,0.245,108.5719586,171.9442009,63143.71642,7764.82
24.58697077,80.66309944,UGC 1141                           ,G  ,1:38:20.8729858936,80:39:47.157967937,0.027556,~,16,~,~,~,Sb,0.277,0.188,115.2859096,380.5118958,30297.58357,8261.2888
278.2980042,52.94881944,UGC 11277                          ,G  ,18:33:11.521,52:56:55.75,0.0279,~,16,~,~,~,Sb,0.663,0.159,116.6772479,158.9770666,73392.50271,8364.42
282.8665196,58.08274791,UGC 11373                          ,G  ,18:51:27.9647019289,58:4:57.892458154,0.029,~,14.8,~,~,~,Sb,0.707,0.339,121.1185892,149.0831614,81242.29997,8694.2
310.8752535,80.15594247,UGC 11635                          ,G  ,20:43:30.060841642,80:9:21.392876312,0.015958,~,14.2,~,~,~,Sb,1.283,0.565,67.69661443,82.15260728,82403.48867,4784.2084
320.293275,82.31691667,UGC 11746                          ,G  ,21:21:10.386,82:19:0.9,0.015782,~,16,~,~,~,Sb,0.733,0.161,66.96415268,143.795082,46569.15364,4731.4436
60.25412837,74.08380089,UGC 2906                           ,G  ,4:1:0.990807978,74:5:1.683208275,0.008733,~,14.3,~,~,~,Sb,1.28,0.794,37.37073633,82.34515245,45383.04347,2618.1534
275.5643625,48.11090833,UGC 11217                          ,G  ,18:22:15.447,48:6:39.27,0.041495,~,14.6,~,~,~,Sb,0.497,0.437,170.7547343,212.0760466,80515.80416,12440.201
277.2432566,53.93664981,UGC 11257                          ,G  ,18:28:58.3815858423,53:56:11.939310565,0.048848,~,16,~,~,~,Sb,0.557,0.301,199.2789248,189.2312301,105309.7444,14644.6304
29.75353931,86.67370441,UGC 1285                           ,G  ,1:59:0.8494343197,86:40:25.335877694,0.015527,~,14.5,~,~,~,Sb,0.623,0.511,65.90236339,169.1842619,38953.01056,4654.9946
272.7376375,53.3372074,UGC 11147                          ,G  ,18:10:57.0330105813,53:20:13.946642704,0.04809,~,15.6,~,~,~,Sb,0.74,0.326,196.3615147,142.4348583,137860.575,14417.382
270.9249583,67.05193333,UGC 11116                          ,G  ,18:3:41.99,67:3:6.96,0.02593,~,15.3,~,13.88,~,Sb,0.59,0.271,108.6938259,178.6471104,60842.75624,7773.814
89.27619296,76.50908536,UGC 3372                           ,G  ,5:57:6.2863102697,76:30:32.707285203,0.01665,~,16,~,~,~,Sb,0.677,0.23,70.57350669,155.6895054,45329.64924,4991.67
80.318,76.35572222,UGC 3276                           ,G  ,5:21:16.32,76:21:20.6,0.008349,~,15.7,~,~,~,Sb,1.22,0.244,35.7440757,86.39491405,41372.89341,2503.0302
268.0239875,60.59788056,UGC 11028                          ,G  ,17:52:5.757,60:35:52.37,0.021,~,15.6,~,~,~,Sb,0.59,0.212,88.54849598,178.6471104,49566.15071,6295.8
266.5095208,59.32305,UGC 10982                          ,G  ,17:46:2.285,59:19:22.98,0.029234,~,16,~,~,~,Sb,0.773,0.17,122.0618717,136.3541981,89518.23517,8764.3532
93.09389311,51.52141127,UGC 3417                           ,G  ,6:12:22.5343459502,51:31:17.080587105,0.0282,~,15.7,~,~,~,Sb,1.063,0.276,117.8896864,99.15502835,118894.3096,8454.36
260.239775,62.74156667,2MFGC 13818                        ,G  ,17:20:57.546,62:44:29.64,0.0695,~,~,~,~,~,Sb,0.467,0.14,276.7759472,225.6997755,122630.1385,20836.1
247.0795583,80.35458333,UGC 10447                          ,G  ,16:28:19.094,80:21:16.5,0.02369,~,15.5,~,~,~,Sb,0.91,0.364,99.57018415,115.8261485,85965.2034,7102.262
124.7615958,83.26637222,UGC 4262                           ,G  ,8:19:2.783,83:15:58.94,0.019,~,14.2,~,~,~,Sb,0.77,0.554,80.30753541,136.8854482,58667.69364,5696.2
98.51744167,70.78113611,2MASX J06340418+7046520            ,G  ,6:34:4.186,70:46:52.09,0.056,~,~,~,~,~,Sb,0.207,0.141,226.5481221,509.1874161,44492.08973,16788.8
104.8448167,69.27064444,UGC 3609                           ,G  ,6:59:22.756,69:16:14.32,0.03979,~,15.6,~,~,~,Sb,0.713,0.385,164.0687847,147.8286047,110985.817,11929.042
96.22949167,49.50891389,MCG+08-12-024                      ,G  ,6:24:55.078,49:30:32.09,0.01953,~,14.9,~,~,~,Sb,0.577,0.404,82.49525876,182.6720886,45160.29754,5855.094
260.9736333,48.47911111,UGC 10838                          ,G  ,17:23:53.672,48:28:44.8,0.0171,~,15.4,~,~,~,Sb,0.787,0.22,72.44174253,133.9285834,54089.82958,5126.58
261.0958875,49.92925556,UGC 10846                          ,G  ,17:24:23.013,49:55:45.32,0.0285,~,15.7,~,~,~,Sb,0.78,0.203,119.1012517,135.1305066,88137.94513,8544.3
257.7979417,56.83920556,2MASX J17111150+5650211            ,G  ,17:11:11.506,56:50:21.14,0.0644,~,~,~,~,~,Sb,0.273,0.12,257.9896139,386.0871617,66821.59871,19307.12
261.27855,56.87834167,2MFGC 13857                        ,G  ,17:25:6.852,56:52:42.03,0.02838,~,~,~,~,~,Sb,0.753,0.151,118.6167303,139.9758236,84740.86974,8508.324
231.8043157,79.80360951,UGC 9881                           ,G  ,15:27:13.0357748433,79:48:12.994247646,0.0494,~,16,~,~,~,Sb,0.75,0.27,201.400164,140.5357269,143308.8714,14810.12
135.8135052,78.56299773,UGC 4714                           ,G  ,9:3:15.241251614,78:33:46.791827371,0.004196,~,13.7,~,~,~,Sb,0.753,0.437,18.05455761,139.9758236,12898.33998,1257.9608
100.3447661,53.74621595,UGC 3507                           ,G  ,6:41:22.743861407,53:44:46.377414221,0.035334,~,15.4,~,~,~,Sb,0.61,0.403,146.4658659,172.7898281,84765.32878,10593.1332
101.3986076,53.45393776,UGC 3526                           ,G  ,6:45:35.6658131088,53:27:14.17592986,0.035874,~,15.7,~,~,~,Sb,1.073,0.215,148.6090824,98.23093676,151285.4171,10755.0252
257.9086917,49.56383611,UGC 10750                          ,G  ,17:11:38.086,49:33:49.81,0.028767,~,15.5,~,~,~,Sb,0.607,0.279,120.1788112,173.6438141,69209.95826,8624.3466
256.2786542,52.70625278,UGC 10701                          ,G  ,17:5:6.877,52:42:22.51,0.03493,~,16,~,~,~,Sb,0.59,0.177,144.8606093,178.6471104,81087.57483,10472.014
251.0252099,62.08736459,UGC 10536                          ,G  ,16:44:6.0503878024,62:5:14.512520323,0.018616,~,15,~,~,~,Sb,0.697,0.32,78.72072117,151.2220877,52056.36449,5581.0768
247.2344667,64.20696389,UGC 10425                          ,G  ,16:28:56.272,64:12:25.07,0.01987,~,15.4,~,~,~,Sb,1.02,0.245,83.8972335,103.3350933,81189.48834,5957.026
241.4235708,69.59372778,IC 1201                            ,G  ,16:5:41.657,69:35:37.42,0.02365,~,15.6,~,~,~,Sb,0.567,0.227,99.40681491,185.8938186,53475.05133,7090.27
219.0539083,78.91735833,UGC 9453                           ,G  ,14:36:12.938,78:55:2.49,0.04646,~,16,~,~,~,Sb,0.64,0.192,190.0700485,164.6903049,115410.5875,13928.708
195.5764377,78.54212868,UGC 8164                           ,G  ,13:2:18.3450561642,78:32:31.663238347,0.022129,~,15.2,~,~,~,Sb,0.547,0.284,93.1830189,192.6906675,48358.86454,6634.2742
196.0440667,78.388,UGC 8183                           ,G  ,13:4:10.576,78:23:16.8,0.02257,~,15.5,~,~,~,Sb,0.697,0.223,94.98989703,151.2220877,62814.82981,6766.486
192.4704292,80.60542425,UGC 8002                           ,G  ,12:49:52.9029969319,80:36:19.527303864,0.034167,~,15.6,~,~,~,Sb,0.797,0.319,141.8246596,132.2481746,107241.2985,10243.2666
181.0325917,79.38192778,UGC 7058                           ,G  ,12:4:7.822,79:22:54.94,0.03948,~,15.4,~,~,~,Sb,0.463,0.278,162.8502277,227.6496655,71535.45661,11836.104
153.6151417,77.82025,NGC 3197                           ,G  ,10:14:27.634,77:49:12.9,0.026975,~,14.5,~,~,~,Sb,0.633,0.545,112.933392,166.5115247,67823.16852,8087.105
151.2483288,79.27151477,UGC 5402                           ,G  ,10:4:59.5989025609,79:16:17.453154078,0.029954,~,14.8,~,~,~,Sb,0.713,0.457,124.9609589,147.8286047,84530.97368,8980.2092
115.1103917,69.05863889,UGC 3945                           ,G  ,7:40:26.494,69:3:31.1,0.02178,~,15.7,~,~,~,Sb,0.657,0.263,91.75172568,160.4289119,57191.51528,6529.644
113.9118333,66.41510833,UGC 3908                           ,G  ,7:35:38.84,66:24:54.39,0.03932,~,16.5,~,~,~,Sb,0.843,0.186,162.2209417,125.0317855,129743.7616,11788.136
113.23355,64.99250833,UGC 3893                           ,G  ,7:32:56.052,64:59:33.03,0.01843,~,14.7,~,~,~,Sb,0.637,0.458,77.95157982,165.4659264,47110.35166,5525.314
254.4320387,52.40231967,2MASX J16574366+5224080            ,G  ,16:57:43.6892813806,52:24:8.350800094,0.03535,~,15.5,~,~,~,Sb,0.383,0.23,146.5294084,275.2005095,53244.59926,10597.93
250.2769917,59.32395833,UGC 10515                          ,G  ,16:41:6.478,59:19:26.25,0.0183,~,15.1,~,~,~,Sb,0.457,0.329,77.41380312,230.6385014,33564.99572,5486.34
202.50125,75.56881111,Mrk 261                            ,G  ,13:30:0.3,75:34:7.72,0.030929,~,15.3,~,~,~,Sb,0.273,0.251,128.8788314,386.0871617,33380.76066,9272.5142
165.1072542,76.92899167,UGC 6065                           ,G  ,11:0:25.741,76:55:44.37,0.02603,~,15.6,~,~,~,Sb,0.52,0.208,109.0999868,202.6957599,53824.50372,7803.794
248.5623333,52.94105,UGC 10456                          ,G  ,16:34:14.96,52:56:27.78,0.02915,~,15.1,~,~,~,Sb,0.677,0.379,121.7233185,155.6895054,78183.38054,8739.17
246.95305,56.02683889,UGC 10408                          ,G  ,16:27:48.732,56:1:36.62,0.0308,~,16,~,~,~,Sb,0.86,0.189,128.3609926,122.5602269,104732.992,9233.84
221.4767917,68.92977778,UGC 9529                           ,G  ,14:45:54.43,68:55:47.2,0.02959,~,15.2,~,~,~,Sb,1.287,0.283,123.4959354,81.89727672,150793.702,8871.082
206.7823009,72.0703485,UGC 8732                           ,G  ,13:47:7.7522250186,72:4:13.254586708,0.03004,~,15.1,~,~,~,Sb,0.657,0.355,125.306904,160.4289119,78107.43245,9005.992
139.8225971,68.99561581,2MASX J09191750+6859442            ,G  ,9:19:17.4233061996,68:59:44.216920329,0.00171,~,~,~,~,~,Sb,0.467,0.392,7.380002619,225.6997755,3269.831618,512.658
117.4452458,61.35503333,UGC 4033                           ,G  ,7:49:46.859,61:21:18.12,0.019797,~,14.9,~,~,~,Sb,0.597,0.37,83.59631809,176.5524207,47349.29024,5935.1406
247.07025,47.44091667,LEDA 93000                         ,G  ,16:28:16.86,47:26:27.3,0.053,~,~,~,~,~,Sb,0.48,0.13,215.1661652,219.5870732,97986.71755,15889.4
243.0149083,52.79057778,2MASX J16120357+5247260            ,G  ,16:12:3.578,52:47:26.08,0.0633,~,~,~,~,~,Sb,0.367,0.139,253.90783,287.1983519,88408.52613,18977.34
242.6338746,52.41689049,2MFGC 12998                        ,G  ,16:10:32.1299155894,52:25:0.805761872,0.10386,~,17.59,~,~,~,Sb,0.357,0.093,397.6243842,295.2431236,134676.9331,31137.228
242.1472333,53.83889167,2MASX J16083533+5350202            ,G  ,16:8:35.336,53:50:20.01,0.06266,21.09,~,~,~,~,Sb,0.243,0.102,251.528073,433.7522434,57988.88117,18785.468
243.65355,54.27614722,2MASX J16143685+5416341            ,G  ,16:14:36.852,54:16:34.13,0.077,20.89,~,~,~,~,Sb,0.22,0.101,303.9946488,479.0990688,63451.31281,23084.6
242.49475,56.62845556,UGC 10251                          ,G  ,16:9:58.74,56:37:42.44,0.03163,~,16,~,~,~,Sb,0.587,0.235,131.6900245,179.560128,73340.34898,9482.674
173.2673229,72.11087336,UGC 6530                           ,G  ,11:33:4.1574872897,72:6:39.144089034,0.04356,~,15.1,~,~,~,Sb,0.757,0.454,178.8160037,139.2361891,128426.3846,13059.288
174.861607,72.26988173,2MASX J11392688+7216117            ,G  ,11:39:26.7856684379,72:16:11.574242394,0.0219,~,~,~,~,~,Sb,0.25,0.225,92.24399654,421.6071806,21879.13318,6565.62
150.6706736,70.74183163,UGC 5386                           ,G  ,10:2:40.961657273,70:44:30.593876623,0.03513,~,15.2,~,~,~,Sb,0.593,0.415,145.6554849,177.7433308,81947.08869,10531.974
141.0082708,68.56236944,UGC 4981                           ,G  ,9:24:1.985,68:33:44.53,0.01324,~,14.6,~,~,~,Sb,0.633,0.253,56.3502916,166.5115247,33841.67655,3969.352
122.5644833,57.81936944,2MASX J08101547+5749097            ,G  ,8:10:15.476,57:49:9.73,0.025852,~,17.5,~,~,~,Sb,0.313,0.144,108.3769526,336.7469493,32183.49947,7750.4296
248.6393125,43.92203056,2MFGC 13273                        ,G  ,16:34:33.435,43:55:19.31,0.04794,~,17.03,~,~,~,Sb,0.347,0.099,195.783566,303.751571,64455.16162,14372.412
240.3440542,50.52359444,2MFGC 12851                        ,G  ,16:1:22.573,50:31:24.94,0.06356,~,~,~,~,~,Sb,0.417,0.117,254.8735756,252.7620987,100835.3614,19055.288
238.299725,54.77493056,MCG+09-26-023                      ,G  ,15:53:11.934,54:46:29.75,0.0401,~,17,~,~,~,Sb,0.387,0.162,165.286439,272.3560598,60687.63042,12021.98
188.6008458,69.84285,UGC 7741                           ,G  ,12:34:24.203,69:50:34.26,0.0282,~,16,~,~,~,Sb,0.747,0.149,117.8896864,141.1001274,83550.37558,8454.36
184.9127958,68.72499722,2MASX J12193907+6843299            ,G  ,12:19:39.071,68:43:29.99,0.064,~,~,~,~,~,Sb,0.397,0.151,256.5065596,265.4957056,96614.20284,19187.2
174.7082728,68.54569895,Mrk 183                            ,G  ,11:38:49.9854617563,68:32:44.516237452,0.040905,~,15.4,~,~,~,Sb,0.323,0.233,168.4442027,326.3213472,51619.11843,12263.319
164.3166625,66.75301389,MCG+11-14-001                      ,G  ,10:57:15.999,66:45:10.85,0.03782,~,16,~,~,~,Sb,0.6,0.204,156.3096616,175.6696586,88979.31656,11338.436
242.5623792,47.061775,MCG+08-29-050                      ,G  ,16:10:14.971,47:3:42.39,0.02991,~,16,~,~,~,Sb,0.56,0.146,124.7839362,188.2174913,66297.73634,8967.018
230.8188333,53.68160833,LEDA 2447854                       ,G  ,15:23:16.52,53:40:53.79,0.10024,~,~,~,~,~,Sb,0.63,0.22,385.347064,167.3044367,230326.8649,30051.952
219.3266608,61.28356421,2MASX J14371842+6117011            ,G  ,14:37:18.398582434,61:17:0.831151064,0.0521,~,~,~,~,~,Sb,0.26,0.192,211.7357141,405.3915198,52229.93176,15619.58
207.128625,63.13032778,2MASX J13483081+6307488            ,G  ,13:48:30.87,63:7:49.18,0.03164,~,~,~,~,~,Sb,0.377,0.151,131.7300929,279.5803585,47117.07706,9485.672
162.9767046,65.7184063,2MASX J10515441+6543060            ,G  ,10:51:54.4091156851,65:43:6.262691386,0.0427,~,17.5,~,~,~,Sb,0.15,0.15,175.4635972,702.6786343,24970.67488,12801.46
151.0827958,61.73944444,MCG+10-15-006                      ,G  ,10:4:19.871,61:44:22,0.03686,~,16,~,~,~,Sb,0.21,0.1,152.5152964,501.9133102,30386.78061,11050.628
142.5376708,60.46815833,LEDA 26955                         ,G  ,9:30:9.041,60:28:5.37,0.013976,~,~,~,~,~,Sb,0.52,0.23,59.43008858,202.6957599,29319.84794,4190.0048
133.9211376,57.57296262,MCG+10-13-038                      ,G  ,8:55:41.0730182965,57:34:22.665440706,0.04004,~,15.6,~,~,~,Sb,0.327,0.144,165.0508344,322.3296487,51205.60117,12003.992
119.4308417,46.49257222,MCG+08-15-028                      ,G  ,7:57:43.402,46:29:33.26,0.05233,~,16,~,~,~,Sb,0.497,0.139,212.6130838,212.0760466,100253.2286,15688.534
223.6443958,55.05255,MCG+09-24-055                      ,G  ,14:54:34.655,55:3:9.18,0.046043,~,16,~,~,~,Sb,0.473,0.151,188.4565828,222.8367762,84571.58015,13803.6914
223.3121083,56.162325,MCG+09-24-051                      ,G  ,14:53:14.906,56:9:44.37,0.03815,~,16,~,~,~,Sb,0.737,0.221,157.6119633,143.0146474,110206.8677,11437.37
206.9696042,61.31191944,MCG+10-20-032                      ,G  ,13:47:52.705,61:18:42.91,0.03546,~,16,~,~,~,Sb,0.407,0.13,146.9661976,258.9724696,56749.73785,10630.908
200.2851875,62.75005278,MCG+11-16-017                      ,G  ,13:21:8.445,62:45:0.19,0.03449,~,17,~,~,~,Sb,0.473,0.133,143.1105423,222.8367762,64222.13818,10340.102
180.5114458,64.254775,2MASX J12020274+6415171            ,G  ,12:2:2.747,64:15:17.19,0.03449,~,~,~,~,~,Sb,0.293,0.111,143.1105423,359.7330892,39782.42386,10340.102
172.3514542,61.97618889,2MFGC 8990                         ,G  ,11:29:24.349,61:58:34.28,0.04866,~,~,~,~,~,Sb,0.607,0.146,198.5558367,173.6438141,114346.6226,14588.268
