identifier,dr7obid_complete,List_num,RA_deg,Dec_deg,PETROR50_R_arcsec,redshift,REDSHIFT_ERR,ang_arcsec,angsize_to_petro,ang_diam_dist,EstDist_Mpc,length_maj,velocity_km_s,MorphType
2061669865562859520,587730022794526857,933,226.2543488,5.796775341,9.974074,0.0321744,0.000162721,55.44648146,5.559060567,136.9184062,76.41877452,120042.9249,9416.59049,Sp
935727864433633280,587731681193033765,820,134.4241486,43.12747574,6.3670735,0.0308268,9.26E-05,43.26049104,6.794407359,131.3970132,97.94507788,89883.02502,9031.027032,Sp
1461448090501277696,587735343183495514,622,131.688446,6.959958076,9.281653,0.029146,0.000179575,51.59727118,5.559060567,124.4850064,82.11969485,101565.105,8549.086944,Sp
672242818156095488,587729154132803722,632,171.329361,63.72922516,15.196809,0.0124629,0.000161175,76.03198348,5.00315451,54.31954478,55.72854962,65306.01505,3701.066027,Sp
2280095802988718080,587739097249808422,143,162.1034088,34.71141052,17.829155,0.005416,7.19E-06,80.28181552,4.502839059,23.81015911,52.77847962,30225.96846,1616.966132,Sp
1183412102962898944,587733399176609926,253,229.8552551,45.88026428,14.805632,0.0171386,0.000175625,112.9017901,7.625597485,74.27391697,37.52953925,132598.2822,5071.810821,Sp
2991669235006072832,587741726578507838,745,184.5892792,25.21676636,10.65828,0.0231889,0.000158254,73.14817785,6.863037736,99.75823944,57.92560101,115385.9766,6831.551581,Sp
1891645762236868608,588018056194162877,773,235.5644989,39.9837265,9.105154,0.0149548,9.54E-05,40.99904307,4.502839059,64.98259535,103.3475869,42128.0653,4432.785251,Sp
1929895853493872640,587736916216447050,358,222.1773987,12.45722103,7.050895,0.00599776,0.000164455,59.7414302,8.472886094,26.34891496,70.92485316,24890.81364,1789.860515,Sp
2010916681907464192,587737808501932038,31,136.8899231,60.47945023,26.15063,0.00427895,7.96E-05,161.5254845,6.176733963,18.83766573,26.23209693,48113.71381,1278.602741,Sp
1574178271971534848,588017116668362863,981,226.1577301,40.3720665,10.21931,0.0298407,0.000171561,77.92834463,7.625597485,127.3452724,54.37241333,156920.2603,8748.421018,Sp
2373562538391529472,587738946146336828,595,183.1165314,39.11092377,8.816533,0.0236091,0.000159867,44.11047684,5.00315451,101.5142077,96.05772751,70805.87989,6953.189654,Sp
1042632282487154688,587729777453367603,554,235.2910767,-1.706191301,12.660772,0.0329868,0.000178196,61.46242437,4.854555818,140.2382414,68.93890386,136294.0466,9648.66891,Sp
2908249006100473856,587745243627192401,812,148.1367188,15.82686043,6.7566423,0.028322,0.00017288,27.38166557,4.052555153,121.0860985,154.7441354,52426.98585,8312.393801,Sp
343559202712610816,587722984440529128,373,216.8348541,1.025864124,13.7653,0.02569,0.00018024,76.52213642,5.559060567,110.1835725,55.3715874,133322.8773,7554.467174,Sp
2523305038655285248,587741722823884873,194,195.2335815,27.79085922,11.95271,0.0266527,0.000168692,53.82112945,4.502839059,114.1794759,78.72655606,97172.1014,7832.026565,Sp
2820512097362798592,587742190438121488,97,175.058075,24.69706345,8.132747,0.0119968,0.000204284,116.6960304,14.348907,52.31782558,36.30930848,96539.82574,3563.898686,Sp
1454766904269891584,587732483837067338,192,228.2807159,41.26462936,12.817044,0.0290791,0.000186142,64.12565149,5.00315451,124.2093057,66.0757757,125946.6634,8529.880453,Sp
2183191169603758080,587739157113798784,643,141.0953402,28.29302514,9.199599,0.0217386,0.000351555,46.02701523,5.00315451,93.68374556,92.0579391,68183.26604,6411.150403,Sp
1633743489286039552,588298663036649508,687,184.203598,47.45738602,7.5627217,0.0247787,7.97E-05,51.38421197,6.794407359,106.3923648,82.46019549,86445.20426,7291.370072,Sp
1921956011258701824,588017702945554708,930,215.1270294,10.43208981,14.142969,0.0295809,0.000166072,63.68351322,4.502839059,126.2761725,66.53452283,127159.6037,8673.898468,Sp
549553260982200320,587725552817602637,504,153.7518005,65.1399231,13.477286,0.0109994,0.000110508,82.41315406,6.114966623,48.02668649,51.41354208,62586.38998,3270.054962,Sp
2031133392745031680,587736541477994706,861,207.3486023,8.507630348,9.710713,0.0379126,0.000174273,53.98244171,5.559060567,160.2275452,78.49130255,136769.8736,11050.10181,Sp
2257567360179267584,587738574608859290,338,204.416153,39.15457153,8.073511,0.0197958,0.00102705,44.88113663,5.559060567,85.51265783,94.40830786,60686.90568,5846.587672,Sp
2934254106354673664,587742903942709270,935,203.3716431,17.47060966,6.2197485,0.0271153,0.000174226,72.28974016,11.62261467,116.0962687,58.61346514,132707.5611,7965.262943,Sp
2819392799944763392,587742014353309698,923,174.0637342,22.43264602,6.857472,0.0118459,0.000106025,42.3567802,6.176733963,51.66927822,100.034803,34606.37234,3519.470237,Sp
500065341607536640,587725551199780967,623,129.8040161,53.62351227,10.292083,0.0321087,0.000154937,41.709234,4.052555153,136.6496393,101.5878682,90124.20479,9397.8102,Sp
1612455567870158848,588016892788211725,357,160.8560486,40.77421188,7.6538434,0.0304198,0.000185987,64.20164188,8.388157233,129.7258881,65.99756705,131696.2866,8914.433484,Sp
1991789836603779072,587735347503235095,78,189.2349091,14.21734715,23.073181,0.00113603,6.75E-05,175.946791,7.625597485,5.020625563,24.08200877,13968.1833,340.2764196,Sp
2651637830501033984,587741709951565841,404,161.914032,26.29481888,10.974327,0.021756,0.00011365,92.98422263,8.472886094,93.75675196,45.56850662,137851.8378,6416.199454,Sp
3100760300417214464,587742628529766517,94,233.7439117,11.75027657,9.418096,0.00634932,0.000156517,79.79845463,8.472886094,27.88133727,53.09817319,35181.0521,1894.267418,Sp
1125968395783661568,587732576699023548,969,159.69487,5.696906567,9.24634,0.0279011,0.000175163,63.45798034,6.863037736,119.3472991,66.7709899,119756.6346,8191.382293,Sp
2473758835383232512,587739706884686238,335,242.5451965,16.69960594,12.089,0.0154319,0.000154911,60.48313487,5.00315451,67.01673446,70.0551017,64094.1359,4572.571344,Sp
2438739401396742144,587739707954888840,347,235.0281677,20.68060493,15.902314,0.0151642,0.000180462,64.44500455,4.052555153,65.87567503,65.74834147,67129.75762,4494.149796,Sp
2376912750220699648,587739096984256662,996,170.0026398,36.10087204,10.89807,0.0252097,9.56E-05,60.58303119,5.559060567,108.1864694,69.93958674,103639.352,7415.845393,Sp
1091136963555125248,588295842323628046,348,181.4316254,50.55529404,18.44884,0.00196801,0.000152474,294.1340994,15.94323,8.688618826,14.40551155,40410.74553,589.1047546,Sp
2415212875883767808,587739631706177554,808,224.8930359,27.11624908,14.223948,0.0222365,9.64E-05,64.04814863,4.502839059,95.77159449,66.15573214,96993.8148,6555.577985,Sp
2115573421789177856,587738065666506880,885,151.9931183,68.36492157,8.68311,0.0354968,0.000162022,48.2699344,5.559060567,150.4539167,87.78035889,114836.7647,10364.00798,Sp
2514258251546126336,587741723357282317,174,186.2519531,28.55859756,11.834855,0.0302094,0.000178528,81.22305647,6.863037736,128.8613452,52.1668643,165501.8036,8854.133386,Sp
960432792540309504,587729158433734726,638,204.3723602,4.104443073,7.47784,0.0231417,9.19E-05,51.32069811,6.863037736,99.56088346,82.56224722,80794.54492,6817.883631,Sp
1192328319710816256,587731520660242546,130,116.8345795,26.93019676,9.99413,0.0163354,0.000173557,84.6791251,8.472886094,70.86234767,50.03774141,94883.92482,4837.017993,Sp
2110066517365254144,587738067808485519,765,127.8627295,60.99518636,15.172544,0.0211862,8.94E-05,61.48757137,4.052555153,91.36438878,68.91070943,88831.09895,6250.790698,Sp
1551616291943507968,587736586036117538,14,208.9164276,40.46175766,21.789124,0.00850318,0.000185023,227.921933,10.4603532,37.24100814,18.59036605,134217.2359,2532.713921,Sp
889580813992093696,588011218064769056,21,218.0233459,57.92142105,16.291973,0.00637696,0.000161474,153.3778128,9.414317883,28.00176173,27.62558735,67912.33114,1902.473636,Sp
2396030514235467776,587739811560554510,748,213.705634,25.31807611,18.033457,0.00378489,9.39E-06,232.8843576,12.9140163,16.67272929,18.19423257,61397.08604,1131.397871,Sp
1518995426785650688,588017627776876609,486,218.7199097,40.74801636,9.72831,0.0190027,0.000164267,60.08918278,6.176733963,82.16584817,70.51439159,78070.75554,5615.655789,Sp
2034639465296717824,587736543089917989,377,210.4420013,9.490280151,9.346718,0.0208071,0.000159553,87.99297441,9.414317883,89.77085347,48.15330079,124906.2283,6140.66428,Sp
1387204113682425856,587732772130979887,222,186.4611359,10.45905399,16.803127,0.00370216,8.15E-05,75.66177657,4.502839059,16.309955,56.00122488,19513.26935,1106.737691,Sp
1953476246587336704,587737826208645123,650,114.4046555,41.94705963,11.6123,0.0197133,9.89E-05,71.7260878,6.176733963,85.16481759,59.07407325,96591.32111,5822.578176,Sp
2169716378586605568,587739153892638773,869,124.8837967,21.39430428,13.175588,0.0136409,0.00010566,51.80891818,3.932190212,59.368419,81.78422391,48636.32474,4047.31138,Sp
2520953450729072640,587741532793536526,579,191.8589974,29.78778202,15.38592,0.0225097,0.000168969,59.29640679,3.853939627,96.91612877,71.45714882,90870.97281,6634.781427,Sp
2254064041238489088,587739719756284001,798,200.735321,28.31644058,14.537841,0.00798607,0.00010798,89.79637625,6.176733963,34.9984033,47.18622668,49694.4381,2379.621738,Sp
3137908405507745792,587742189918158977,836,217.0083008,21.302845,14.500905,0.00420295,0.000125113,68.99458322,4.757950157,18.50481021,61.41282354,20188.32896,1255.965793,Sp
2356600928053782528,587739406786494548,995,196.9783783,34.08710861,5.380126,0.0336817,0.000182915,34.76322035,6.461413793,143.0727191,121.8860659,78646.1694,9846.967967,Sp
1181191918856464384,587733399175036931,840,225.4621429,47.87539291,6.578847,0.0282573,9.52E-05,49.66596275,7.54934151,120.8189293,85.31299768,94884.34917,8293.796901,Sp
1184584457202460672,587733411526672426,449,234.1127319,43.51878738,8.85295,0.0200905,0.000101353,75.01003695,8.472886094,86.75461279,56.48780266,102899.3656,5932.328749,Sp
1860010345247041536,588017978374226001,139,233.7047577,28.65526772,11.397353,0.00669762,7.86E-06,59.94127954,5.259228133,29.39824473,70.68838366,27864.30096,1997.651351,Sp
1474943222500321280,587735695367536660,51,174.8431702,56.27066422,26.019424,0.00799788,0.000148119,144.6435539,5.559060567,35.04965273,29.29375039,80164.76898,2383.119462,Sp
1809324500555163648,588017702391578633,2,175.244812,11.47113419,17.709108,0.003331,6.76E-05,204.691225,11.55852824,14.68149499,20.70021402,47519.32339,996.0639472,Sp
877161553751730176,588009371764195470,665,181.0494793,62.50535871,17.45343,0.00433287,0.000188612,87.32220702,5.00315451,19.07378024,48.5231914,26336.75238,1294.661472,Sp
1141692512646227968,587733080273453120,44,174.2000427,54.29354477,24.43712,0.00429167,7.00E-05,197.8640066,8.096862748,18.89336916,21.41446662,59112.17665,1282.391195,Sp
2265479446205065216,587738615417208885,691,176.1733398,35.96798706,14.037435,0.0373113,0.000168563,76.48205583,5.448435261,157.8002154,55.400605,190839.3316,10879.54971,Sp
639650273123395584,588010359606476855,649,141.8700562,3.929599524,7.945505,0.0178533,0.000155838,44.16954353,5.559060567,77.30395389,95.92927222,53991.49593,5280.498942,Sp
343519895171917824,587726014011015340,683,216.1382141,1.177318931,9.147188,0.0388057,0.000172421,50.34127438,5.503469961,163.8262823,84.16855188,130409.2879,11303.15328,Sp
657589076769138688,587726100947206163,77,215.0182047,3.99274003,15.602509,0.00587603,0.000183314,221.6401611,14.20541793,25.81799487,19.1172581,90483.98296,1753.69596,Sp
1880254570081314816,588017712049225731,54,210.7084503,49.17265701,14.230251,0.00662838,0.000112048,213.5994054,15.01023456,29.09679577,19.83690992,98275.65504,1977.103572,Sp
1970480474207840256,587738411405541389,999,165.0044708,14.83818817,19.979765,0.00488609,8.85E-06,111.0687237,5.559060567,21.4945112,38.14892277,37750.27303,1459.348238,Sp
605909830904866816,587726015088623663,9,225.0016612,1.89133096,18.555561,0.0045003,7.29E-05,174.6879497,9.414317883,19.80675308,24.25554923,54711.29283,1344.517938,Sp
1851054266387556352,588017977829884152,841,215.1103562,35.18879571,16.476482,0.0121625,0.000108751,95.81523126,5.815272414,53.02970499,44.22211489,80344.19528,3612.67305,Sp
580997096241391616,587726014532354067,34,180.6759949,1.976808786,13.72258,0.00665624,0.000104957,129.1887303,9.414317883,29.21809552,32.79815627,59686.65994,1985.371611,Sp
2276694195534063616,587738951489486893,168,191.1091461,37.12121201,18.205328,0.0232793,0.000177784,90.1732282,4.953122965,100.1361629,46.989026,142780.6337,6857.726555,Sp
1898352788216244224,587736783609987215,652,248.4484,28.98476267,17.830133,0.00330403,0.000138207,114.6111231,6.427945495,14.56310648,36.96981628,26392.56108,988.0195004,Sp
3244944762054141952,587725816409555034,819,162.6000366,64.8094635,10.612721,0.0424404,0.000175697,72.83550471,6.863037736,178.3921087,58.17426791,205456.3248,12329.74618,Sp
335536072102537216,587722982824607806,394,204.6086273,-0.227615297,6.3394504,0.0124067,0.000165672,100.0606026,15.7837977,54.07830875,42.34585894,85563.18793,3684.532142,Sp
1379386036739663872,587732772663328821,406,175.9763811,10.78468673,7.688281,0.0198002,0.000104869,58.62773626,7.625597485,85.53120734,72.27214344,79291.83525,5847.868097,Sp
2187750844273813504,587738947743055899,610,144.3791962,32.84140778,9.330489,0.0144896,0.000104691,46.68187812,5.00315451,62.99690311,90.76653158,46501.63926,4296.390338,Sp
1037086620160911360,587729971789889831,635,224.0065918,-1.388113141,15.708878,0.00621107,0.000231906,69.3269319,4.413232562,27.27887435,61.11841457,29903.99202,1853.216326,Sp
2044784105035425792,588017991773520201,963,227.5767059,7.705446243,6.5544186,0.0424443,0.000187536,49.98135799,7.625597485,178.4076689,84.77465069,141001.0389,12330.8449,Sp
1371521504088451072,587734622178312221,273,155.1322479,43.021595,11.804907,0.0222128,0.000173927,65.624193,5.559060567,95.67227058,64.56692222,99277.49238,6548.705626,Sp
2287900967598843904,587739098067697704,53,197.7415759,37.05873979,21.882338,0.00356093,8.64E-05,282.5888696,12.9140163,15.69048531,14.99405186,70111.97014,1064.632632,Sp
953800539273979904,587729158965559336,296,192.8037109,4.859045029,8.21506,0.0251003,0.000168694,55.81646412,6.794407359,107.7312534,75.91222826,95083.416,7384.257407,Sp
625000380396234752,588010137342246932,679,142.5489807,55.85242081,4.85634,0.0251779,8.14E-05,86.0286062,17.7147,108.0541613,49.25282824,146989.0983,7406.664027,Sp
873833331668576256,588009371762819128,775,174.0276642,62.24915695,8.619494,0.0327659,9.09E-05,58.56435347,6.794407359,139.3361929,72.35036185,129032.1801,9585.590993,Sp
1310671781241055232,587733605332156611,842,224.7485809,53.92327881,13.172825,0.011192,0.00016422,73.22853201,5.559060567,48.8561321,57.86203886,56571.82006,3326.830987,Sp
3133417449794332672,587742189377618065,964,208.0698395,22.52158165,8.103633,0.0278571,0.000168506,68.66115936,8.472886094,119.1654257,61.71104893,129378.5093,8178.727765,Sp
2506360184209696768,587741602566832182,872,179.4640808,27.8686676,4.7321315,0.0111363,1.15E-05,32.15202909,6.794407359,48.61629635,131.784907,24716.72916,3310.413021,Sp
1816174733410985984,588017704542404760,524,183.0491486,13.24651337,13.733446,0.00629709,0.000178949,76.3450581,5.559060567,27.65375454,55.50001886,33383.80044,1878.759578,Sp
1386005920785393664,587732769983561874,763,186.6967773,8.88459301,15.699118,0.00421182,8.38E-05,147.7964873,9.414317883,18.54366116,28.66882861,43337.14902,1258.607898,Sp
383973403150804992,587724649266020472,529,200.6088715,-2.418274879,7.57143,0.0231923,9.85E-05,48.18205197,6.363666041,99.77245489,87.94046728,76014.54352,6832.5361,Sp
2822787537012025344,587742062143013024,264,175.8809814,22.72543526,19.072693,0.0230913,0.000105036,106.0262556,5.559060567,99.35012232,39.96323498,166564.5486,6803.288002,Sp
338903596072462336,588848899389325365,761,210.8364563,-0.54993397,6.229915,0.0247532,9.02E-05,40.25405871,6.461413793,106.286158,105.260247,67653.01038,7284.003082,Sp
2292388892994725888,587739097522241538,551,173.0099945,36.69799423,10.864813,0.00838482,0.000195777,96.29911191,8.863393407,36.72795521,43.99990904,55926.77469,2497.683573,Sp
1056137588760406016,587732483272278025,772,140.0638885,39.94449615,3.6491716,0.0463576,0.000175132,20.08310628,5.503469961,193.9470701,210.9809162,61590.65913,13430.32099,E
2407248555774339072,587739380987985959,142,219.0640411,29.90838242,6.3047376,0.0346528,0.00020149,52.356279,8.304275661,147.0257968,80.92920745,121720.312,10123.75623,E
1611272493174122496,588297864724676644,443,158.7701416,44.74576187,3.860163,0.0252095,0.000205369,21.24429111,5.503469961,108.1856373,199.4489786,36342.31544,7415.78765,E
1012332494277601280,587731913109668087,960,138.2822571,47.7083931,4.723306,0.0513755,0.000198646,23.39511542,4.953122965,213.6586669,181.1126848,79039.91209,14831.48119,E
1194608707648907264,587731521199472713,694,120.5985184,31.18773842,2.6012514,0.0389372,0.000175752,29.77597508,11.44678868,164.3555018,142.3010381,77383.9655,11340.38572,E
2361017111020595200,587739506077859852,561,177.6746063,32.69723511,4.75672,0.0321841,0.000204419,26.17846563,5.503469961,136.9580835,161.8563985,56693.41267,9419.363078,E
1360184439073695744,587734623240978481,606,127.1223145,30.83440399,4.4527397,0.0501568,0.000192382,19.35369744,4.346469531,208.8932617,218.932438,63927.70599,14492.06717,E
1922039299264505856,587736478664032300,312,215.6282349,11.30487823,3.0952754,0.0164341,0.000201243,28.56002241,9.226972956,71.28193455,148.3595532,32191.3184,4865.88519,E
369442542288136192,587724650328948786,248,175.8722534,-1.667963624,5.5687127,0.044609,0.000208929,30.64724307,5.503469961,187.0217142,138.2555734,90632.54769,12939.77425,E
1794840907233650688,588016892782641220,673,145.7254028,36.21399689,3.7451816,0.0223483,0.000159963,20.61149443,5.503469961,96.24005768,205.5722926,31366.50267,6587.993755,E
2500652069141112832,587741601491845160,639,176.2655792,26.82771301,3.0887775,0.0300941,8.99E-05,23.3182362,7.54934151,128.3873846,181.7098055,47338.96854,8821.080985,E
703751249438205952,587725993035432134,857,246.102066,48.52843094,5.0878005,0.0571394,0.000214414,25.2005015,4.953122965,236.0078708,168.1376129,94045.15192,16429.15215,E
2635857088957409280,587739646200316003,657,147.5930634,25.79600716,5.260693,0.0515457,0.000202371,28.66254524,5.448435262,214.3230733,147.8288871,97136.94119,14878.83777,E
2191081540644005888,587739114709647447,702,145.9547729,30.54607582,5.1037173,0.0282377,0.000189089,25.27933936,4.953122965,120.7379856,167.6132475,48262.56372,8288.162876,E
3110997033029232640,587742550681911429,755,222.2374725,16.15361977,5.5758157,0.039118,0.000188839,24.6073714,4.413232561,165.0828527,172.190361,64234.43838,11391.56555,E
2656009763745196032,587741531709243444,626,164.4137878,27.4936657,5.8852496,0.0453656,0.000185657,26.23532845,4.457810668,190.0218376,161.5055886,78829.86111,13152.1742,E
1797098479584045056,587735662086258692,160,150.379425,37.20394897,6.639299,0.0219045,0.000169815,29.59673791,4.457810668,94.37969764,143.1628099,44169.56991,6459.28527,E
2746166693481965568,588023239671087134,306,138.3362122,17.64103317,2.3935838,0.0255501,0.000155258,16.26298339,6.794407359,109.6021051,260.5396602,28185.1179,7514.0999,E
2055932871016736768,587730022252806263,83,215.2475433,6.202653408,4.9176493,0.0252861,0.000227305,41.25001555,8.388157234,108.5042995,102.7188016,70773.68458,7437.902037,E
494382790536620032,587725773459685454,705,121.9646301,45.91821289,2.8348293,0.0320339,0.000177798,19.26098506,6.794407359,136.3435938,219.9862651,41525.41423,9376.426538,E
2190022710191482880,588017979953643559,79,147.4671326,34.71411514,8.169257,0.0387985,0.000219735,37.70180115,4.615083251,163.7973012,112.3859348,97649.40074,11301.1145,E
2193289359254382592,588017977806618676,576,149.3869019,33.6197319,3.9697776,0.00485302,7.22E-06,25.89206401,6.522295861,21.34989895,163.6467515,8741.042621,1449.507599,E
2990527391878637568,587741726577524815,76,182.0231323,25.23731041,6.52457,0.0225602,0.000220998,48.02595253,7.360784317,97.12760808,88.22630144,73759.74778,6649.418428,E
2256389512793974784,587739608626298926,241,181.8195496,32.07559586,7.0455523,0.0296397,0.000184942,39.74154606,5.640657307,126.5181989,106.6176982,79505.7431,8690.767438,E
1777847413340399616,587736919431512075,618,238.5479584,30.15586281,2.5778437,0.0202584,0.000198866,19.0737481,7.399109615,87.46179437,222.1457545,26378.80807,5981.161592,E
3001678909424035840,587742189913768025,987,206.3226013,23.17781448,3.652184,0.0281958,0.00016592,30.63509364,8.388157234,120.5649349,138.3104036,58403.78187,8276.118178,E
666643554621220864,587729159518945292,282,230.5078735,3.751749754,5.4460006,0.0371359,0.000161268,41.11371839,7.54934151,157.0914923,103.0593274,102126.9035,10829.77217,E
1117037337725921280,587732703395578028,870,143.6863173,6.42549002,8.841325,0.00170853,0.000244827,35.47165762,4.012029602,7.545441998,119.4517665,4232.207095,511.5335583,E
3247229547686422528,587729228227805330,529,244.9178772,50.55401611,6.5998125,0.0558796,0.000204266,32.68968286,4.953122965,231.1495737,129.6174143,119482.5674,16081.01803,E
2523178594599987200,587741601498923057,924,194.5131989,26.91596985,3.3975382,0.027407,0.000164229,31.66564959,9.320174703,117.3038234,133.8091029,58735.5867,8049.231555,E
2522145597838878720,587741722823426167,740,194.1242218,27.93999672,4.294564,0.0221605,0.000187085,26.26111552,6.114966624,95.45306708,161.3469984,39637.27591,6533.539197,E
396403383763757056,587725492671086642,90,257.4336548,62.97306824,7.175676,0.0273629,0.000173338,53.6299124,7.473848095,117.1213171,79.007255,99321.61601,8036.539221,E
2000874557384189952,587736809375465553,357,208.0803375,14.27191162,4.5479736,0.0241906,0.00016966,42.3879085,9.320174703,103.9412625,99.96134073,69667.57886,7121.397595,E
2410631478292539392,587739379915161651,715,221.0869345,28.55101306,6.8299356,0.0122452,7.32E-06,30.44655978,4.457810668,53.38489211,139.1668614,25701.43306,3637.01156,E
1509933801520785408,587733433531302029,859,249.6677856,32.54559708,3.9453223,0.052695,0.00019945,29.78458541,7.54934151,218.8024315,142.2599008,103049.1574,15198.33229,E
2988304450000545792,587742062692270186,384,206.5147095,22.11882973,3.6438534,0.0276928,0.000171018,30.56521525,8.388157234,118.4861216,138.6266097,57265.84647,8131.46751,E
2286865503077033984,587738950954188813,809,195.4756165,36.22873306,2.2114825,0.0253617,0.000168721,22.90155917,10.35574967,108.8187433,185.0158818,39406.6484,7459.725315,E
712808475364714496,587729232518709361,171,254.7111969,40.12116241,5.582417,0.0289238,0.00018972,37.92921515,6.794407359,123.5691278,111.7120971,74111.32525,8485.287859,E
1893918452805036032,588018254832074838,645,241.1299591,37.1595192,3.7532141,0.0309067,0.00018435,25.5008655,6.794407359,131.724885,166.1571904,53115.77111,9053.908054,E
2164154498916837376,587739154428068144,849,121.7463531,19.85165405,4.621464,0.0387783,0.000182858,27.97749713,6.053816957,163.7159903,151.4485783,72427.03412,11295.39448,E
2063930461536675840,587736546312912961,260,229.266571,5.256100178,6.5740814,0.0510389,0.000202235,32.56223355,4.953122965,212.3438835,130.1247397,109333.861,14737.79294,E
505557127595583488,587725469060497515,508,135.2934265,53.22011566,5.7398357,0.0301898,0.000182072,28.43011202,4.953122965,128.7807854,149.0374769,57893.57683,8848.515151,E
2576106602792773632,588023046941311118,36,139.2788391,20.06969643,7.7261705,0.0278632,0.000194992,64.80833297,8.388157234,119.1906411,65.37974317,122144.4528,8180.482191,E
2641485488912885760,588023048021606445,917,154.5545807,25.0461483,4.085392,0.0205336,0.000168437,27.4802393,6.726463285,88.62028784,154.1890563,38508.30549,6061.176068,E
1549394179413534720,588017627771174939,500,201.7367096,44.8210907,4.18459,0.0279122,0.000182462,25.58862818,6.114966624,119.3931777,165.5873122,48308.91205,8194.574558,E
2925155099187636224,587742901788213269,661,186.6278534,16.63383484,4.695176,0.044921,0.000181073,28.42373608,6.053816957,188.2595444,149.0709086,84613.3534,13027.38885,E
1078736121124382720,587732591718891567,805,197.5181732,60.22403717,4.534552,0.0614283,0.000184284,24.95577072,5.503469961,252.4374456,169.7864679,99615.17583,17609.94061,E
1505464011557201920,587733441588625563,104,245.4302673,37.99604797,7.0445433,0.0330964,0.000203719,46.44190312,6.592606666,140.6856149,91.23554118,103314.3014,9679.957781,E
1040465694757513216,587729777988272330,752,230.7385101,-1.381121516,5.775507,0.0290331,0.000168113,20.85435454,3.610826641,124.0197097,203.1782933,40896.69428,8516.673125,E
335626776896104448,588848900459397146,115,202.4996796,0.305100441,7.1783857,0.0215835,0.000176184,43.89558896,6.114966624,93.03284452,96.52797159,64574.03465,6366.138526,E
972950181760755712,587732053242478649,92,131.4077301,36.93465042,5.449643,0.013132,0.000155378,36.65682356,6.726463285,57.18907606,115.5897253,33148.86411,3897.806855,E
590077138309244928,587726016149454996,513,195.5449066,3.106606483,3.7840385,0.0472452,0.000155783,28.13483964,7.435135673,197.4512252,150.6016106,87842.56711,13678.8721,E
2073956065652795392,587736962922708999,615,220.3808594,31.65062714,3.3870666,0.0319163,0.000164727,23.01311023,6.794407359,135.8623186,184.1190574,49439.61518,9342.802685,E
1921987622218000384,588017702945554490,72,215.0460968,10.26291943,6.933239,0.0305169,0.000224859,35.92393809,5.181407721,130.1247271,117.9478752,73917.03074,8942.255959,E
1095620221948946432,587729653426094167,907,255.3070526,33.51319122,4.09126,0.0374548,0.000193082,22.51612651,5.503469961,158.3798185,188.1829969,56388.98317,10920.26504,E
2821676760473561088,588023669168603216,30,176.4421082,19.77376366,7.5630264,0.0179787,0.000214816,51.38628223,6.794407359,77.83505283,82.45687333,63244.55839,5317.092292,E
532575427311462400,587726031694135395,352,139.97995,0.945145071,4.120746,0.0176801,0.000188143,34.56546537,8.388157234,76.57014263,122.583397,41850.68844,5229.945795,E
1799340109502375936,588017703457390679,162,156.7824554,11.0107193,6.037588,0.032367,0.0002158,36.18494809,5.993278787,137.7060505,117.0970912,78791.92635,9471.634888,E
1641722920080271360,588017949892345911,799,195.7057343,43.21479034,4.0477996,0.0467325,0.000173169,29.35410569,7.251867333,195.4280554,144.3461507,90710.27975,13535.3399,E
2086449817369733120,587739167312052281,873,244.6604784,21.97327807,4.0295334,0.0160788,0.000104656,26.95505577,6.689373954,69.77103246,157.1932257,29738.29919,4761.949386,E
671127643705337856,587728679538327588,210,165.7676086,64.7742157,4.423287,0.036207,0.000190206,33.39290416,7.54934151,153.3331333,126.8878006,80963.81117,10565.94992,E
3132286878103922688,587742551223828508,957,233.8972015,13.811203,2.7461941,0.0527128,0.00021218,23.0355079,8.388157234,218.8717087,183.9400365,79723.83153,15203.27658,E
1315107212103804928,587733603726458997,845,237.2215118,45.95992279,3.3072197,0.0386373,0.000216992,27.74147885,8.388157234,163.1483128,152.7370688,71567.02065,11255.46306,E
2361073186113611776,587739405705150546,66,176.0582123,33.51451492,6.211269,0.0317771,0.000240567,52.10110099,8.388157234,135.292468,81.32557823,111460.5706,9302.995721,E
2414029793956751360,587739719764803604,578,221.8354492,23.95025253,4.078195,0.0149501,0.000163965,38.00948988,9.320174703,64.96254485,111.476165,39044.13562,4431.4077,E
369455461549762560,587725041164026039,943,176.343338,-1.876721025,5.1074677,0.0270268,0.000166552,26.59272444,5.206635851,115.7297343,159.3350157,48664.08155,7939.780383,E
1987232910058481664,587738568703082681,722,183.9847263,14.43303874,12.054329,0.00461038,0.000164231,52.37617123,4.345009269,20.28849546,80.8984709,16802.90345,1377.290091,E
1631431491193956352,588017110221914188,137,183.2080536,46.77305603,6.8015485,0.0241262,0.000191587,44.39153464,6.5266806,103.6726404,95.44955359,72772.12566,7102.775898,E
3000693197283289088,587739826586779755,798,204.1844025,24.97990799,7.6525345,0.0746297,0.000199634,30.70219494,4.012029602,301.9576229,138.0081187,146593.9897,21202.64198,E
549487015406626816,587725816944918615,338,154.9700775,63.9515152,5.216689,0.0410889,0.000222843,31.89987912,6.114966624,172.9910452,132.82659,87259.63699,11948.63526,E
2522176933920270336,587741722823753905,564,194.9350281,27.9124527,3.6090364,0.0223828,0.000179276,30.27316478,8.388157234,96.38459341,139.9639646,46138.78848,6597.995764,E
2356651780466567168,587739303685062712,841,198.470932,34.12479019,3.9068768,0.0373155,0.000183461,22.71955288,5.815272415,157.8171822,186.4980436,56696.31167,10880.74149,E
2431996640517711872,587739380455768301,528,230.1736755,25.68079567,6.314058,0.0323675,0.000191023,31.27430568,4.953122965,137.7080948,135.4834927,68100.12177,9471.777766,E
597988949121591296,587726033335287872,226,209.6900635,2.844269991,4.749328,0.0163756,0.000182553,32.26886911,6.794407359,71.03325547,131.3077366,36244.84163,4848.775962,E
1990718361515878400,587735349113389075,408,188.1391907,15.41539001,5.6881943,0.00144136,5.91E-05,28.17432582,4.953122965,6.367622492,150.3905432,2836.818711,431.6312495,E
2271007240594941952,587739719221051538,991,204.9120331,27.4045887,4.9182262,0.0350673,0.000193684,27.06731015,5.503469961,148.710272,156.5413091,63648.30015,10241.7831,E
1333214517835884544,587732702313513113,361,124.7603378,3.634128332,3.73484,0.0303551,0.000169291,28.19558265,7.54934151,129.4600801,150.2771628,57718.85231,8895.892567,E
2497405486584850432,587741710492762160,38,172.9250641,28.15358925,7.72272,0.0230336,0.000182569,58.30145067,7.54934151,99.10880243,72.67661638,91367.62405,6786.577007,E
1558316167053993984,588017947218477217,930,224.4914856,34.16307831,5.8615165,0.0884234,0.000211566,26.12953079,4.457810668,352.0524322,162.1595198,145458.7001,24891.63622,E
2045844307981658112,587736542023319682,220,226.8582611,7.116738796,5.3369627,0.030945,0.000191977,32.63534878,6.114966624,131.8820274,129.8332122,68057.28431,9064.875125,E
1935450867071215616,587736477596188692,548,229.0623016,8.694406509,2.4940453,0.0346496,0.000176841,25.82770879,10.35574967,147.0127858,164.0545121,60040.14471,10122.84478,E
1088747453164840960,587732482210660370,569,177.2693481,48.74963379,3.126728,0.0187541,0.000182632,23.60473748,7.54934151,81.11544252,179.5043121,30276.34592,5543.213894,E
1465928871890151424,587734948050239666,946,141.6293182,8.351037025,2.3445916,0.0281338,0.000196277,24.28000369,10.35574967,120.3088371,174.5120066,46189.89973,8258.294141,E
533737337415297024,588848899358523618,761,140.5722198,-0.546927035,5.2246866,0.0562738,0.000199611,28.75390576,5.503469961,232.6713548,147.3591866,105788.9985,16190.01519,E
1523468244885727232,588017605235769514,516,228.0007172,36.65197372,6.3585386,0.0656927,0.000192581,31.49462356,4.953122965,268.6058415,134.5357298,133768.1181,18777.30659,E
946909899047069696,588010878222532724,233,180.7316437,4.234054565,4.9123173,0.0207266,0.000183856,30.03865633,6.114966624,89.43228419,141.0566477,42479.12549,6117.271608,E
1373765882433529856,587734893820969039,563,166.2839508,10.28142548,3.0110981,0.0209189,0.00017038,22.73180788,7.54934151,90.2409548,186.3975003,32436.8297,6173.147911,E
2925111668478339072,587742773488123971,5,187.7176971,16.75883865,11.34713,0.00317633,6.79E-05,77.09702358,6.794407359,14.0024432,54.95869968,17070.34009,949.9254319,E
2924026175607040000,587742774023815315,518,184.8694611,17.23046303,10.373024,0.00305862,0.000106482,43.52033575,4.195530228,13.4854847,97.36028207,9280.247094,914.8048976,E
2746230465156376576,588023239671939164,619,140.3462067,18.22386551,2.9322357,0.0287619,0.000189482,30.0618439,10.25219217,122.9014855,140.9478467,58421.60573,8438.789543,E
2475870172603246592,587739706884030676,869,241.0814667,17.18039894,4.0199237,0.033616,0.000172126,22.12352933,5.503469961,142.8049356,191.5224331,49957.23233,9828.227985,E
2742722477653256192,587745243622866974,582,138.0848541,13.67388821,4.4042025,0.0286199,0.000175553,26.93155129,6.114966624,122.31569,157.3304159,52088.7915,8397.997666,E
1963610445596092416,587735348023722086,942,150.8541107,12.09821987,2.840518,0.031017,0.0001798,15.63270549,5.503469961,132.1773992,271.0440728,32673.23153,9085.490445,E
2289113998114711552,588017978364461087,103,208.9726563,37.19657898,4.9190483,0.01994,0.000188879,44.93404638,9.134703227,86.120472,94.29714228,61190.31272,5888.546374,E
550578830721443840,587725816408899636,263,159.5067596,64.26635742,4.252692,0.00567021,0.000110963,32.10502425,7.54934151,24.91995852,131.9778528,12650.88941,1692.534064,E
2576091209629984768,588023046941507659,749,139.7125702,20.16643906,3.0605056,0.0294002,0.000172221,23.10480197,7.54934151,125.5321772,183.3883783,45862.53473,8622.049024,E
1361268832450144256,587734622168088705,301,129.5696869,31.29627037,4.2291903,0.0689415,7.90E-05,17.3782516,4.109120272,280.8128316,243.8192439,77165.60601,19662.25118,Ir
895166057260541952,588011216995811459,145,232.5884247,50.9269104,3.0611265,0.0732213,8.06E-05,14.22334804,4.646442425,296.7490123,297.9011801,66740.86965,20822.30103,Ir
394175221805901824,587725577496363119,275,258.531555,65.81053243,5.05513,0.0528212,8.10E-05,21.89760436,4.331758898,219.2935347,193.4984346,75931.70898,15233.38422,Ir
2237232172417181696,587739609703710864,302,191.7590059,32.87123334,6.5108294,0.0228353,0.000119658,29.44011253,4.521714626,98.27918913,143.9244555,45751.12443,6729.134911,Ir
2579490624956819456,587741421642121421,17,139.9247131,24.55243683,4.1964555,0.0251682,7.52E-05,21.67862831,5.165937853,108.0138012,195.4529642,37026.42581,7403.863338,Ir
1860140912252839936,587736942525939917,305,233.5203857,29.90686226,5.641252,0.0364915,8.33E-05,26.23114026,4.649879186,154.4851301,161.5313754,64077.35766,10646.7892,Ir
1636084623865833472,588298663574765672,513,188.4984436,47.7239151,2.493211,0.029015,8.49E-05,12.34918066,4.953122965,123.9451019,343.1120073,24202.94729,8511.476089,Ir
2053798993690912768,587736526445805768,222,212.2732544,7.75901556,3.7534602,0.0697785,0.000141879,19.93970048,5.312351649,283.9423592,212.4982854,89526.07797,19889.63189,Ir
2472645579507787776,587739720310194279,29,241.4458466,17.30747223,3.0884578,0.0363605,7.24E-05,18.88581636,6.114966623,153.954784,224.356315,45975.84218,10609.57023,Ir
886097284381566976,588011123045433556,143,210.5888062,59.4189682,6.8336654,0.0321112,0.000103782,33.48699291,4.900297417,136.6598672,126.5312827,72363.22044,9398.524856,Ir
946933538547066880,588010878758879406,487,179.5546265,4.662264824,4.057673,0.0551467,8.02E-05,14.79954926,3.647299638,228.3164166,286.3027846,53430.14715,15878.21517,Ir
1537994442420545536,588017604681072765,238,174.4185368,44.39175702,6.1583652,0.0337926,9.12E-05,29.74127411,4.82941059,143.5246342,142.4670694,67497.35593,9878.596627,Ir
494383065414526976,588007005770809406,317,122.1337357,45.60112,5.1851745,0.0470697,0.000206483,25.42597882,4.903591735,196.7589656,166.6465702,79106.64278,13629.75167,Ir
1533600518859941888,588017627222311028,96,163.2416612,43.41047017,6.062661,0.0256223,8.53E-05,30.33242972,5.00315451,109.9022152,139.6904964,52712.59399,7534.933783,Ir
533765924717619200,587725075529334954,100,140.1924209,0.60472036,6.744145,0.0238185,8.24E-05,33.74199947,5.00315451,102.3885946,125.5750172,54628.98587,7013.77827,Ir
2828372231464183808,587742775631741054,189,178.4088132,18.31616834,6.7435856,0.0203378,0.000112421,37.48800079,5.559060567,87.7961199,113.0268906,52043.72163,6004.25048,Ir
1940086958336272384,587736915147817127,368,233.7139435,9.424547195,2.2586105,0.0732351,8.94E-05,13.81132782,6.114966623,296.8001335,306.7881828,64818.6927,20826.03111,Ir
1374844778688047104,587734893821165802,21,166.7932281,10.27031994,8.453288,0.0300459,0.000176208,24.96526587,2.95332016,128.1892107,169.7218923,50604.41527,8807.262142,Ir
1464928045004515328,587734949122933084,285,138.9711878,8.8322169,6.196172,0.0285979,0.000108448,25.11032877,4.052555153,122.2249148,168.7414053,48530.28974,8391.677052,Ir
986338110654670848,587732134843318383,398,162.7541656,49.89628983,4.8987174,0.0224428,8.43E-05,15.91957737,3.249743977,96.63593089,266.15984,24326.01165,6615.389362,Ir
495527382275352576,587725775071805661,316,123.3570709,49.43568802,3.835579,0.0704241,7.94E-05,15.54389544,4.052555153,286.3519532,272.5926831,70381.86295,20064.84664,Ir
2285733824878897152,588017977813696599,171,168.6423035,38.01513672,4.95231,0.0285641,7.36E-05,19.86881432,4.012029601,122.0854416,213.2564177,38356.28807,8381.9659,Ir
1070745969924007936,587729385539240072,263,171.0723637,58.16054268,5.197322,0.0390035,7.87E-05,26.003005,5.00315451,164.622261,162.9485578,67688.18107,11359.15506,Ir
607019237935966208,587726016162889975,522,226.1689301,2.554571867,4.311938,0.0425718,7.99E-05,19.41596285,4.502839059,178.9162858,218.2303396,54929.99357,12366.76148,Ir
2937539177622824960,587742865824022785,373,181.8773041,18.68399239,6.406007,0.00263692,0.000142575,21.02816431,3.282569674,11.63223413,201.4989089,3867.810953,788.9326066,Ir
1571922348418820096,588298664658665599,371,220.8797302,42.71297455,5.739814,0.0181649,0.000110054,20.93482152,3.647299638,78.62335388,202.3973388,26026.84769,5371.415386,Ir
2373508387443861504,588017977818021983,73,181.2753448,39.2364769,5.9603915,0.0382903,7.82E-05,24.15481529,4.052555153,161.7504352,175.416459,61780.2869,11157.15837,Ir
1650604499527559168,588017606302302282,509,208.4248073,43.76880606,5.3539166,0.0334917,9.15E-05,21.69704231,4.052555153,142.29819,195.2870859,48820.32362,9792.7684,Ir
2036881363080079360,587736543090376930,51,211.5391454,9.57143657,6.294874,0.0247854,0.00010626,31.17928497,4.953122965,106.420269,135.8963866,52467.60568,7293.305667,Ir
2474765994124404736,587739828214235379,14,243.9922069,15.15596683,8.463637,0.029903,7.38E-05,37.3519984,4.413232562,127.6015419,113.4384329,75365.13937,8766.287382,Ir
1497598930928560128,587733442118549634,155,229.4007111,49.00738144,5.02201,0.0368319,8.50E-05,24.62588673,4.903591735,155.8624317,172.0608972,60692.36585,10743.46949,Ir
1794851902349928448,587735662084685849,64,146.2930039,35.77760772,3.8265705,0.0221618,8.13E-05,15.507388,4.052555153,95.45851607,273.23442,23407.44837,6533.916197,Ir
1309561549291022336,587733429771108475,219,222.9719086,54.81066513,5.2885194,0.0377061,8.27E-05,22.30366971,4.21737504,159.3943447,189.9755609,56214.71016,10991.54667,Ir
892994521661466624,588011103713230853,91,228.4381725,55.79068507,4.538193,0.0115377,9.69E-05,18.39127743,4.052555153,50.34393153,230.3892256,14640.63002,3428.697864,Ir
2476990305425975296,587739707421688228,467,242.9654259,16.98915501,4.0413055,0.0356137,8.76E-05,14.59245357,3.610826641,150.9281817,290.3659858,34825.6637,10397.26189,Ir
987491498469648384,587732134306906259,85,164.7066788,49.71607616,6.032506,0.00229808,0.000178295,22.00235695,3.647299638,10.14173543,192.5771941,3528.435843,687.7342558,Ir
710450572678948864,587729233592123702,362,255.0527344,41.25540543,4.9756,0.0287804,9.68E-05,18.14750408,3.647299638,122.977789,233.4840178,35289.40414,8444.103363,Ir
2383571403510147072,587739406790885597,252,208.7720584,32.29274265,5.823235,0.0222924,9.79E-05,26.22109001,4.502839059,96.00584207,161.5932886,39806.05553,6571.786532,Ir
1436814358305859584,587735044157014118,346,147.235164,38.83740712,4.4873185,0.0310177,8.52E-05,24.94527532,5.559060567,132.1802706,169.8579033,52138.15758,9085.690861,Ir
2413945956195133440,587739809953808675,124,222.8379822,21.89643669,5.101785,0.0602513,7.86E-05,20.67526509,4.052555153,247.9455743,204.9382267,81060.29677,17286.57263,Ir
701473884402116608,587725818038386912,436,244.3844147,51.49289703,3.6345325,0.0361042,0.000164816,18.18412767,5.00315451,152.9166799,233.0137712,43969.1504,10536.7318,Ir
1334256030242072576,587732702313906801,313,125.6678845,3.76293816,6.6581297,0.013418,0.000122659,29.98048647,4.502839059,58.4141935,141.3303339,27692.22187,3981.841827,Ir
316493624500054016,588848900982767756,469,171.6656494,0.734192431,2.9730396,0.0967114,8.09E-05,17.11614482,5.75711969,381.3678454,247.5529513,103216.8896,27077.63255,Ir
1129380455209003008,587732579385933938,401,165.4860382,7.947167397,4.7581472,0.0337582,9.00E-05,18.79472153,3.950008426,143.384468,225.443732,42612.67001,9868.786287,Ir
1059597751869794304,587732154180632791,225,147.4291534,44.44738388,6.542822,0.0162753,0.000268481,29.46127446,4.502839059,70.6068049,143.821075,32892.64753,4819.438232,Ir
327700951790020608,587722983355318470,200,190.6156158,0.048211422,5.3444643,0.00506205,1.96E-05,19.49286271,3.647299638,22.26377143,217.3694151,6862.385332,1511.700335,Ir
857984144972474368,587728931340419245,384,128.7334593,43.73926859,3.813128,0.0264771,8.32E-05,18.23100914,4.781116484,113.4513076,232.4145708,32705.51232,7781.427551,Ir
2036845628952176640,588017991766114501,226,210.5312347,9.295120239,2.4822073,0.0771813,3.86E-05,12.66676292,5.103023798,311.3494005,334.509471,62361.19346,21889.94664,Ir
2944307771320854528,587742904475189327,103,192.8331299,18.53298378,2.4862185,0.071068,0.000162178,18.76931253,7.54934151,288.7514856,225.7489271,85698.52264,20239.45296,Ir
2274467952721946624,587739406784069694,446,190.1801453,34.63604355,3.4902408,0.0934725,9.77E-05,11.4569586,3.282569674,369.980464,369.8321964,67026.86065,26226.02621,Ir
1903984208339036160,588018055128678723,193,251.5793625,26.72216387,4.0789638,0.0355699,7.71E-05,16.36492351,4.012029601,150.7505002,258.9167106,39009.77844,10384.80299,Ir
2646019875385927680,587741491440713848,164,155.5610504,27.72303581,5.0565915,0.0511041,7.88E-05,20.28719478,4.012029601,212.5986428,208.8584553,68199.82005,14755.94388,Ir
1633711053693020160,588017110222569669,268,185.4295044,46.81255341,6.772948,0.0245596,0.00020582,33.88610533,5.00315451,105.4796037,125.0409902,56518.53392,7228.062836,Ir
2290233300784015360,587738615414194228,507,167.655899,35.13857269,3.1297052,0.0320091,9.03E-05,16.38007948,5.233745173,136.2421118,258.6771431,35288.08685,9369.336264,Ir
322122855615588352,588848900986896513,233,181.0522308,0.802580059,3.4080722,0.00982249,0.00011297,14.51830165,4.259974787,42.94971857,291.8490239,9859.999205,2922.760352,Ir
2023389817647163392,588017726554177675,444,199.3605347,8.203028679,4.022124,0.0240446,9.69E-05,20.12330783,5.00315451,103.3322139,210.5594269,32880.30573,7079.178199,Ir
2181030354360494080,587739157650473192,411,140.4905663,28.53483133,5.505919,0.0219357,0.000144647,20.58923966,3.739473766,94.51055045,205.7944943,30769.56408,6468.336454,Ir
2034579267035097088,587736540941844622,423,208.9849396,8.045732498,3.0118382,0.0440073,7.86E-05,12.20564042,4.052555153,184.6318847,347.1470582,35634.28231,12770.7001,Ir
2821567084188690432,587742572150522015,6,175.1095276,19.41410828,7.064905,0.0114917,0.000224131,31.81213018,4.502839059,50.14603269,133.192972,25224.93597,3415.146157,Ir
967204683699480576,587732053236122083,515,118.8457718,27.07500648,3.2501137,0.0156749,0.000224596,13.49505538,4.15217947,68.05186397,313.9781235,14521.63238,4643.730169,Ir
1908574398080641024,588017704010776758,32,195.3680878,12.56364918,5.1827226,0.0221324,8.24E-05,23.33696575,4.502839059,95.33528079,181.5639706,35180.23863,6525.390026,Ir
1361350746066413568,587734622705680507,527,130.8121796,32.63248825,4.036068,0.0665825,7.97E-05,15.01459412,3.720104349,271.9586437,282.2022448,64567.98081,19020.05663,Ir
1356854842953328640,588297864172601600,397,121.9621636,26.29154089,4.9645886,0.0262705,0.000174672,19.91807642,4.012029601,112.594191,212.7289842,35462.07315,7721.879448,Ir
377315315689744384,587724650335109245,167,189.9505157,-1.771098971,5.8108606,0.0142197,8.99E-05,29.07263342,5.00315451,61.84380569,145.7436657,28430.29206,4217.213408,Ir
1021246230900008960,587731890574131329,179,163.6676788,55.620224,4.4556313,0.046751,8.40E-05,18.05669158,4.052555153,195.5011021,234.6582786,55819.7815,13540.52081,Ir
305176080950519808,588848898827550968,350,154.0257416,-0.91023767,4.2459655,0.0611099,8.85E-05,26.22619931,6.176733963,251.2235682,161.5618075,104182.9089,17522.5138,Ir
2069413157914306560,587739132417736879,161,211.4548035,34.82166672,6.714689,0.0257401,0.000124286,27.21164751,4.052555153,110.3917552,155.710975,47499.84772,7568.921226,Ir
2844181296354191360,587742589868835045,299,242.5125427,11.07131767,4.4776073,0.0481375,0.000150667,18.14575054,4.052555153,200.9663597,233.5065808,57663.24039,13928.43294,Ir
3247120970913179648,587729227691196677,277,245.1327057,49.79742813,3.768226,0.0408607,7.61E-05,17.74974117,4.710370655,172.0773313,238.7162789,48296.5856,11884.21384,Ir
2232665345452173312,587739408385900635,461,165.8184662,34.34802628,5.6696534,0.0290622,0.000116861,18.61103231,3.282569674,124.1396522,227.6688414,36532.69656,8525.028297,Ir
1651800218959636480,588298663581515874,125,210.3748932,44.82660294,7.2831464,0.0359829,0.000194292,28.63871699,3.932190212,152.4251474,147.9518851,69025.71651,10502.25009,Ir
1629219273865979904,588017721179963537,294,178.9883728,42.36916733,2.3526912,0.0241319,7.59E-05,11.77087759,5.00315451,103.6964177,359.969096,19300.71237,7104.424162,Ir
941336749500557312,588010359081664548,13,169.5363581,4.61611293,10.709171,0.00779521,7.89E-06,58.9376009,5.503469961,34.16996118,71.89217239,31844.73807,2323.086801,Ir
1987368149988698112,587738570850238486,351,183.1132202,16.20920753,4.8968244,0.0245939,7.96E-05,20.14270102,4.113421143,105.6225282,210.3567024,33641.4733,7237.974884,Ir
1476093307166681088,587735694830993470,345,176.0727844,55.93182373,3.0217912,0.0605892,8.60E-05,15.11848827,5.00315451,249.2364299,280.2629528,59582.76195,17379.45902,Ir
2071736151189776384,587739130808303785,55,214.2135647,32.80288946,5.5320516,0.0223446,9.16E-05,26.18488927,4.733305319,96.22455603,161.8166921,39841.65767,6586.921046,Ir
381826606731126784,587724650874929209,33,196.7040558,-1.289920688,2.95001,0.0275817,8.10E-05,18.22142696,6.176733963,118.0266206,232.5367917,34006.59106,8099.503679,Ir
1624741786549250048,588017719567122475,49,172.3273621,40.6427536,3.8180106,0.0216345,0.000119549,17.19188726,4.502839059,93.24690108,246.4623052,25348.87583,6380.940463,Ir
323269921523918848,587722983352107157,76,183.2512512,0.04376154,6.354543,0.0209705,9.39E-05,25.75213598,4.052555153,90.45788134,164.5359503,36834.97765,6188.138561,Ir
1882587440540051456,588017711512944695,10,212.5550575,48.31773674,10.705441,0.00691907,0.000353776,53.56097542,5.00315451,30.36202347,79.10894325,25714.60936,2063.354774,Ir
1829714944648570880,588017730298773790,57,184.5450052,8.32213658,7.5561285,0.014637,0.000163939,21.54795264,2.851718659,63.62632041,196.6382717,21679.2155,4339.617677,Ir
2266516840878467072,587739608090476735,320,184.770401,31.69910812,4.095588,0.0251876,9.03E-05,18.25735588,4.457810668,108.0945205,232.0791791,31206.30168,7409.464677,Ir
1369150407263152128,588297863109607607,234,146.8521423,39.57478333,5.936491,0.066897,7.67E-05,17.53825079,2.954312707,273.1419782,241.5949124,75748.74966,19105.78861,Ir
3099626703828314112,587742627454910740,20,231.0535278,11.6938839,5.8796983,0.00948926,1.09E-05,19.30051933,3.282569674,41.50956237,219.5356556,12668.28694,2824.315887,Ir
1473941287982884864,587735696977821839,349,173.1153412,57.36180496,3.6445158,0.00514125,0.000113716,11.96337704,3.282569674,22.60990864,354.176931,4277.138759,1535.259568,Ir
2072873596287477760,587739132956639364,28,217.0247192,33.81826401,8.409562,0.013569,1.09E-05,46.28177185,5.503469961,59.06067506,91.55120894,43222.42464,4026.195493,Ir
1356858416366118912,588297864172536069,253,121.9727707,26.20985413,3.6860015,0.0468631,0.000169945,22.76745065,6.176733963,195.9436554,186.1056923,70541.76986,13571.91147,Ir
1342195054067869696,587732771035283700,314,135.8996481,6.31981257,6.3341413,0.0418816,0.000102413,23.10251127,3.647299638,176.1610948,183.406562,64353.16833,12172.25678,Ir
2180960535372130304,588017977802096779,66,138.4759153,29.17905796,6.336106,0.0135255,1.67E-05,23.10967712,3.647299638,58.87446152,183.3496913,21514.01998,4013.419136,Ir
1355597826268096512,587734622162387122,410,118.4267654,22.94952202,5.8846583,0.0286078,7.95E-05,15.64660871,2.658881436,122.2657642,270.8032292,30250.03147,8394.521353,Ir
852351621881948160,587728906100801855,387,119.1913605,35.67559433,2.826722,0.141326,8.85E-05,12.72827423,4.502839059,529.6363065,332.8929035,106597.7441,38481.22888,Ir
2925175440152750080,587742774024339573,152,186.1453857,17.14356422,4.076814,0.0210388,0.000105889,20.80407886,5.103023798,90.74497269,203.6692993,29851.88829,6207.979094,Ir
1525697225471059968,588017604700930121,149,232.6647339,33.92827606,2.1297166,0.0481793,4.57E-05,10.65530121,5.00315451,201.1308411,397.6567232,33887.93793,13940.11616,Ir
1851039148102674432,588017977830211814,331,215.9185052,34.94104017,4.5849676,0.0247276,0.000107372,28.32012509,6.176733963,106.179528,149.6162941,47548.48676,7276.606927,Ir
2746155148609873920,587741816240537850,459,138.4217377,17.51719284,3.5739532,0.0503317,8.02E-05,11.73175039,3.282569674,209.5780247,361.1696485,38878.48195,14540.81247,Ir
851303787283900416,587728906100146438,347,118.1598996,34.45492196,4.4339957,0.0374067,8.17E-05,22.18396558,5.00315451,158.1855629,191.0006644,55488.9835,10906.61852,Ir
