ID,RA,DEC,Z,Type,Element
spec-0270-51909-0481.fits,152.82447,0.44239733,0.01202,Sp,H-α
spec-0271-51883-0252.fits,153.66484,-0.83091002,0.04902,Sp,H-α
spec-0273-51957-0461.fits,157.89649,0.47537546,0.028668,Sp,H-α
spec-0273-51957-0622.fits,159.23906,0.22972839,0.029224,Sp,H-α
spec-0276-51909-0299.fits,162.25636,-0.64041284,0.00615,Sp,H-α
spec-0281-51614-0607.fits,173.05609,0.81927396,0.019539,Sp,H-α
spec-0285-51930-0334.fits,178.90387,1.2372037,0.006288,Sp,H-α
spec-0288-52000-0257.fits,184.53566,-1.0641188,0.019025,Sp,H-α
spec-0289-51990-0627.fits,188.11647,0.39066679,0.005051,Sp,H-α
spec-0290-51941-0277.fits,188.53691,-0.35528086,0.022502,Sp,H-α
spec-0291-51660-0123.fits,190.73857,-1.2294179,0.010729,Sp,H-α
spec-0294-51986-0087.fits,196.91122,-0.94244866,0.018076,Sp,H-α
spec-0295-51585-0396.fits,197.90608,0.66584445,0.018723,Sp,H-α
spec-0298-51662-0202.fits,203.22969,-1.1594902,0.012714,Sp,H-α
spec-0301-51641-0028.fits,210.83645,-0.54993497,0.024672,Sp,H-α
spec-0304-51957-0113.fits,215.599,-0.38770336,0.005524,Sp,H-α
spec-0329-52056-0372.fits,176.2103,-1.6013202,0.028395,Sp,H-α
spec-0330-52370-0636.fits,179.59911,-2.2773758,0.019673,Sp,H-α
spec-0331-52368-0035.fits,181.19669,-2.7200679,0.019605,Sp,H-α
spec-0333-52313-0395.fits,183.66775,-2.4484036,0.025223,Sp,H-α
spec-0341-51690-0151.fits,200.60886,-2.4182707,0.02319,Sp,H-α
spec-0341-51690-0326.fits,199.54195,-1.2436469,0.019151,Sp,H-α
spec-0349-51699-0465.fits,252.96088,63.71456,0.021922,Sp,H-α
spec-0349-51699-0556.fits,255.36757,63.691103,0.016195,Sp,H-α
spec-0351-51780-0182.fits,255.76447,61.043912,0.011414,Sp,H-α
spec-0352-51694-0087.fits,260.68254,62.166096,0.028316,Sp,H-α
spec-0353-51703-0505.fits,257.91741,59.995622,0.016749,Sp,H-α
spec-0354-51792-0103.fits,262.49722,60.350279,0.020483,Sp,H-α
spec-0356-51779-0532.fits,262.58929,59.639906,0.028428,Sp,H-α
spec-0371-52078-0391.fits,327.28041,0.44731382,0.015834,Sp,H-α
spec-0372-52173-0583.fits,330.81665,0.571085,0.030089,Sp,H-α
spec-0381-51811-0455.fits,347.33443,0.75651455,0.032399,Sp,H-α
spec-0382-51816-0437.fits,348.63808,0.23601285,0.014651,Sp,H-α
spec-0386-51788-0452.fits,357.77605,1.0566583,0.026985,Sp,H-α
spec-0387-51791-0292.fits,359.02955,-0.9164973,0.024268,Sp,H-α
spec-0389-51795-0208.fits,3.6327069,-0.73755098,0.013163,Sp,H-α
spec-0392-51793-0027.fits,10.157721,-0.33066247,0.019471,Sp,H-α
spec-0392-51793-0583.fits,9.8951018,0.85988943,0.014612,Sp,H-α
spec-0395-51783-0441.fits,14.703573,0.58722378,0.018136,Sp,H-α
spec-0398-51789-0261.fits,18.702821,-0.49613431,0.033843,Sp,H-α
spec-0398-51789-0282.fits,18.876844,-0.86094635,0.00586,Sp,H-α
spec-0399-51817-0185.fits,20.807131,-0.38530228,0.024891,Sp,H-α
spec-0400-51820-0582.fits,24.000636,0.66353528,0.017206,Sp,H-α
spec-0404-51877-0271.fits,30.549366,-0.13042589,0.019895,Sp,H-α
spec-0405-51816-0035.fits,34.92139,-0.25566391,0.025753,Sp,H-α
spec-0407-51820-0557.fits,38.255187,0.42084049,0.022346,Sp,H-α
spec-0409-51871-0041.fits,42.366465,-0.87303344,0.023736,Sp,H-α
spec-0409-51871-0237.fits,41.60488,-0.49868928,0.005082,Sp,H-α
spec-0410-51877-0492.fits,43.988596,0.69261652,0.013862,Sp,H-α
spec-0410-51877-0523.fits,44.113014,0.87573184,0.022887,Sp,H-α
spec-0413-51929-0194.fits,49.48779,-0.16909426,0.022791,Sp,H-α
spec-0431-51877-0034.fits,114.6521,37.633507,0.013004,Sp,H-α
spec-0444-51883-0161.fits,128.34445,52.532271,0.016634,Sp,H-α
spec-0444-51883-0251.fits,127.67203,52.300685,0.016954,Sp,H-α
spec-0448-51900-0287.fits,131.34669,55.118769,0.026238,Sp,H-α
spec-0452-51911-0195.fits,143.10436,57.482897,0.029376,Sp,H-α
spec-0472-51955-0070.fits,139.46166,-0.27843943,0.017477,Sp,H-α
spec-0480-51989-0619.fits,147.28652,2.4808198,0.020347,Sp,H-α
spec-0481-51908-0274.fits,147.60863,1.5825406,0.02486,Sp,H-α
spec-0481-51908-0299.fits,147.34549,1.1453814,0.025211,Sp,H-α
spec-0488-51914-0415.fits,153.75173,65.139919,0.011012,Sp,H-α
spec-0488-51914-0576.fits,155.18061,65.172115,0.01097,Sp,H-α
spec-0489-51930-0193.fits,158.14522,65.041093,0.005603,Sp,H-α
spec-0490-51929-0267.fits,162.66601,65.727219,0.011339,Sp,H-α
spec-0490-51929-0598.fits,166.9733,66.604711,0.033051,Sp,H-α
spec-0510-52381-0546.fits,169.07211,2.8888248,0.029842,Sp,H-α
spec-0513-51989-0603.fits,174.72888,3.5808728,0.018612,Sp,H-α
spec-0514-51994-0341.fits,175.08088,3.0008039,0.026831,Sp,H-α
spec-0516-52017-0119.fits,180.67602,1.9767987,0.006542,Sp,H-α
spec-0528-52022-0137.fits,203.8523,1.4105577,0.017454,Sp,H-α
spec-0528-52022-0428.fits,203.95103,2.9989274,0.021771,Sp,H-α
spec-0530-52026-0075.fits,208.20877,2.2638104,0.01459,Sp,H-α
spec-0530-52026-0574.fits,208.42468,3.3774002,0.015612,Sp,H-α
spec-0532-51993-0432.fits,211.5392,2.331131,0.024702,Sp,H-α
spec-0537-52027-0240.fits,221.10187,1.679772,0.005224,Sp,H-α
spec-0539-52017-0194.fits,225.33809,1.6370643,0.035129,Sp,H-α
spec-0541-51959-0357.fits,113.75946,32.822126,0.015466,Sp,H-α
spec-0550-51959-0589.fits,131.63873,48.430112,0.023865,Sp,H-α
spec-0551-51993-0240.fits,133.72515,49.160406,0.009618,Sp,H-α
spec-0552-51992-0342.fits,135.08443,52.494225,0.030118,Sp,H-α
spec-0555-52266-0458.fits,142.54897,55.852421,0.025137,Sp,H-α
spec-0559-52316-0051.fits,156.29117,58.149991,0.007116,Sp,H-α
spec-0561-52295-0053.fits,163.10447,59.685534,0.027723,Sp,H-α
spec-0568-52254-0506.fits,141.87004,3.9296011,0.017783,Sp,H-α
spec-0570-52266-0405.fits,145.55801,4.6758081,0.006504,Sp,H-α
spec-0571-52286-0597.fits,148.82528,4.2700142,0.00601,Sp,H-α
spec-0572-52289-0501.fits,150.13333,4.4070823,0.013856,Sp,H-α
spec-0575-52319-0238.fits,155.60173,3.9973173,0.022865,Sp,H-α
spec-0577-52367-0201.fits,158.83753,3.5583782,0.021857,Sp,H-α
spec-0578-52339-0337.fits,159.88276,5.1076167,0.027135,Sp,H-α
spec-0581-52353-0071.fits,167.6023,4.8300409,0.030458,Sp,H-α
spec-0584-52049-0231.fits,215.01823,3.9927979,0.005784,Sp,H-α
spec-0586-52023-0400.fits,218.32299,3.9033936,0.029553,Sp,H-α
spec-0588-52029-0152.fits,223.42692,3.5825611,0.005227,Sp,H-α
spec-0589-52055-0111.fits,226.48565,3.7073082,0.035884,Sp,H-α
spec-0597-52059-0281.fits,171.37685,63.446327,0.011494,Sp,H-α
spec-0597-52059-0293.fits,171.32929,63.729239,0.012423,Sp,H-α
spec-0599-52317-0602.fits,185.69482,65.843785,0.009221,Sp,H-α
spec-0603-52056-0055.fits,203.04336,62.767772,0.009519,Sp,H-α
spec-0603-52056-0129.fits,201.9327,62.766563,0.021922,Sp,H-α
spec-0629-52051-0343.fits,249.31845,44.418231,0.03142,Sp,H-α
spec-0630-52050-0468.fits,251.81161,40.245078,0.029529,Sp,H-α
spec-0679-52177-0484.fits,348.93001,0.41698028,0.028847,Sp,H-α
spec-0697-52226-0093.fits,23.258244,-0.68982885,0.015461,Sp,H-α
spec-0759-52254-0294.fits,121.85344,39.194487,0.013057,Sp,H-α
spec-0766-52247-0259.fits,138.25928,49.6395,0.013293,Sp,H-α
spec-0766-52247-0361.fits,138.743,51.361062,0.027493,Sp,H-α
spec-0774-52286-0400.fits,164.78754,61.53064,0.007046,Sp,H-α
spec-0776-52319-0231.fits,173.18359,61.826916,0.010838,Sp,H-α
spec-0776-52319-0491.fits,174.02765,62.249176,0.032746,Sp,H-α
spec-0779-52342-0455.fits,184.23253,63.409912,0.0092,Sp,H-α
spec-0781-52373-0328.fits,188.64228,63.525052,0.009152,Sp,H-α
spec-0787-52320-0055.fits,210.1906,59.32835,0.010245,Sp,H-α
spec-0790-52433-0436.fits,218.0234,57.921436,0.006333,Sp,H-α
spec-0816-52379-0061.fits,247.89389,40.565608,0.027329,Sp,H-α
spec-0816-52379-0173.fits,247.25171,41.284261,0.031887,Sp,H-α
spec-0831-52294-0382.fits,134.42416,43.127473,0.030811,Sp,H-α
spec-0832-52312-0483.fits,138.06046,44.954842,0.008736,Sp,H-α
spec-0832-52312-0565.fits,139.55919,45.651707,0.026904,Sp,H-α
spec-0833-52314-0206.fits,140.76288,44.554915,0.008867,Sp,H-α
spec-0836-52376-0243.fits,170.10924,3.5855669,0.008662,Sp,H-α
spec-0840-52374-0605.fits,178.79722,6.1689975,0.023217,Sp,H-α
spec-0842-52376-0436.fits,180.7409,4.84585,0.020784,Sp,H-α
spec-0844-52378-0445.fits,184.53372,6.1395386,0.018463,Sp,H-α
spec-0846-52407-0457.fits,189.8018,6.0122804,0.008111,Sp,H-α
spec-0850-52338-0571.fits,198.33745,6.0612873,0.023512,Sp,H-α
spec-0851-52376-0193.fits,199.64408,4.4863009,0.02044,Sp,H-α
spec-0853-52374-0146.fits,204.37236,4.1044168,0.023058,Sp,H-α
spec-0853-52374-0184.fits,203.66361,4.1299567,0.022923,Sp,H-α
spec-0854-52373-0356.fits,204.80526,4.6233427,0.022709,Sp,H-α
spec-0859-52317-0129.fits,119.10453,27.012559,0.021824,Sp,H-α
spec-0870-52325-0413.fits,142.38379,44.424238,0.025458,Sp,H-α
spec-0876-52669-0098.fits,163.49936,49.659711,0.022073,Sp,H-α
spec-0881-52368-0343.fits,175.86371,52.711134,0.018946,Sp,H-α
spec-0887-52376-0230.fits,195.73995,51.31852,0.027547,Sp,H-α
spec-0889-52663-0595.fits,117.5001,30.02495,0.027575,Sp,H-α
spec-0890-52583-0289.fits,117.53845,30.732372,0.014187,Sp,H-α
spec-0891-52584-0002.fits,120.87059,33.462386,0.039341,Sp,H-α
spec-0891-52584-0133.fits,119.9742,33.290517,0.019721,Sp,H-α
spec-0891-52584-0203.fits,119.8044,32.914676,0.017321,Sp,H-α
spec-0892-52378-0394.fits,121.77993,36.233472,0.032314,Sp,H-α
spec-0892-52378-0560.fits,123.24134,36.254626,0.008238,Sp,H-α
spec-0909-52379-0562.fits,170.13048,57.781427,0.006464,Sp,H-α
spec-0915-52443-0628.fits,212.03548,-1.7022959,0.024954,Sp,H-α
spec-0921-52380-0483.fits,224.00658,-1.3881885,0.006237,Sp,H-α
spec-0925-52411-0514.fits,233.27338,-1.6282726,0.009307,Sp,H-α
spec-0929-52581-0142.fits,120.08744,26.613535,0.026738,Sp,H-α
spec-0929-52581-0504.fits,120.65219,27.437501,0.01741,Sp,H-α
spec-0938-52708-0595.fits,140.82222,40.200053,0.005948,Sp,H-α
spec-0940-52670-0028.fits,145.9894,41.687341,0.017151,Sp,H-α
spec-0940-52670-0589.fits,145.98729,42.672475,0.017697,Sp,H-α
spec-0941-52709-0032.fits,148.22652,42.848041,0.016033,Sp,H-α
spec-0941-52709-0540.fits,147.54637,44.295053,0.01519,Sp,H-α
spec-0949-52427-0481.fits,163.04866,58.438136,0.031581,Sp,H-α
spec-0951-52398-0511.fits,170.57457,59.074515,0.005241,Sp,H-α
spec-0965-52438-0305.fits,168.54539,48.318524,0.007022,Sp,H-α
spec-0970-52413-0102.fits,184.80095,49.354648,0.012167,Sp,H-α
spec-0976-52413-0217.fits,256.8644,31.24771,0.031145,Sp,H-α
spec-0978-52441-0139.fits,258.93508,29.4043,0.028968,Sp,H-α
spec-0983-52443-0421.fits,313.09325,0.075712077,0.030243,Sp,H-α
spec-0992-52644-0547.fits,143.66101,5.8414264,0.018277,Sp,H-α
spec-0998-52750-0341.fits,154.58221,7.0493291,0.012607,Sp,H-α
spec-1000-52643-0080.fits,161.21555,6.5968523,0.027647,Sp,H-α
spec-1001-52670-0567.fits,163.11457,8.0940384,0.021807,Sp,H-α
spec-1001-52670-0595.fits,163.12965,7.2249132,0.021737,Sp,H-α
spec-1016-52759-0376.fits,176.12115,55.652274,0.032465,Sp,H-α
spec-1016-52759-0445.fits,176.89322,55.967251,0.007986,Sp,H-α
spec-1017-52706-0387.fits,177.71269,55.143663,0.0193,Sp,H-α
spec-1038-52673-0191.fits,191.3829,54.737618,0.015952,Sp,H-α
spec-1042-52725-0317.fits,202.31756,53.081964,0.029087,Sp,H-α
spec-1047-52733-0287.fits,219.0466,48.585031,0.007621,Sp,H-α
spec-1047-52733-0292.fits,218.68726,48.670312,0.007595,Sp,H-α
spec-1049-52751-0447.fits,225.46215,47.87539,0.028212,Sp,H-α
spec-1051-52468-0332.fits,229.85524,45.880275,0.017167,Sp,H-α
spec-1052-52466-0233.fits,232.65248,42.717142,0.019796,Sp,H-α
spec-1052-52466-0501.fits,234.11274,43.518781,0.020147,Sp,H-α
spec-1052-52466-0560.fits,234.3053,43.298317,0.019133,Sp,H-α
spec-1054-52516-0376.fits,238.22016,40.646728,0.015265,Sp,H-α
spec-1163-52669-0257.fits,220.95499,53.400689,0.010972,Sp,H-α
spec-1165-52703-0409.fits,227.30484,52.528439,0.011695,Sp,H-α
spec-1172-52759-0048.fits,246.84209,39.109627,0.033031,Sp,H-α
spec-1180-52995-0319.fits,48.438382,-0.24144925,0.025828,Sp,H-α
spec-1184-52641-0035.fits,125.54453,3.2680428,0.013759,Sp,H-α
spec-1185-52642-0209.fits,125.72199,3.5711855,0.013263,Sp,H-α
spec-1191-52674-0265.fits,134.71029,6.2929961,0.012783,Sp,H-α
spec-1200-52668-0489.fits,136.99296,41.708938,0.025111,Sp,H-α
spec-1205-52670-0497.fits,121.4111,26.16819,0.017053,Sp,H-α
spec-1206-52670-0081.fits,123.19354,26.361777,0.020941,Sp,H-α
spec-1206-52670-0442.fits,124.00904,28.62474,0.019922,Sp,H-α
spec-1223-52781-0166.fits,172.1663,9.0986844,0.020949,Sp,H-α
spec-1225-52760-0511.fits,175.87075,10.161873,0.020215,Sp,H-α
spec-1225-52760-0577.fits,175.97638,10.78475,0.019729,Sp,H-α
spec-1226-52734-0639.fits,178.44319,10.403152,0.021692,Sp,H-α
spec-1230-52672-0441.fits,184.44551,10.844638,0.024341,Sp,H-α
spec-1234-52724-0313.fits,144.74662,6.9554411,0.016612,Sp,H-α
spec-1237-52762-0321.fits,152.18756,9.4604725,0.026295,Sp,H-α
spec-1264-52707-0013.fits,120.15282,22.400052,0.018379,Sp,H-α
spec-1264-52707-0550.fits,119.97287,23.390062,0.029143,Sp,H-α
spec-1265-52705-0438.fits,121.86495,25.134027,0.020685,Sp,H-α
spec-1266-52709-0010.fits,125.17001,25.905368,0.019608,Sp,H-α
spec-1268-52933-0143.fits,129.38627,28.705196,0.011574,Sp,H-α
spec-1269-52937-0330.fits,129.64167,30.798682,0.025648,Sp,H-α
spec-1272-52989-0076.fits,137.39046,33.123529,0.006452,Sp,H-α
spec-1273-52993-0483.fits,138.18489,34.925568,0.006519,Sp,H-α
spec-1275-52996-0573.fits,144.21863,37.694888,0.014552,Sp,H-α
spec-1284-52736-0480.fits,206.36345,47.92271,0.027994,Sp,H-α
spec-1287-52728-0587.fits,216.86826,46.146529,0.007744,Sp,H-α
spec-1289-52734-0425.fits,220.38343,44.51276,0.010906,Sp,H-α
spec-1291-52735-0426.fits,225.96032,42.115433,0.016866,Sp,H-α
spec-1307-52999-0481.fits,150.41869,10.756437,0.018025,Sp,H-α
spec-1312-52781-0537.fits,178.74464,58.493637,0.010629,Sp,H-α
spec-1316-52790-0095.fits,188.03378,56.471167,0.015354,Sp,H-α
spec-1321-52764-0148.fits,205.4135,55.670562,0.025386,Sp,H-α
spec-1323-52797-0202.fits,208.6215,54.330661,0.015331,Sp,H-α
spec-1328-52786-0248.fits,221.45436,50.394054,0.01335,Sp,H-α
spec-1329-52767-0222.fits,224.27833,49.669019,0.013511,Sp,H-α
spec-1337-52767-0243.fits,244.82566,37.095218,0.028577,Sp,H-α
spec-1345-52814-0600.fits,208.04084,43.242906,0.007787,Sp,H-α
spec-1362-53050-0374.fits,162.00437,43.186563,0.024929,Sp,H-α
spec-1370-53090-0041.fits,184.55358,44.173248,0.024527,Sp,H-α
spec-1370-53090-0312.fits,182.28671,44.003199,0.037542,Sp,H-α
spec-1378-53061-0427.fits,208.3401,40.363945,0.00771,Sp,H-α
spec-1379-53063-0588.fits,212.73124,39.772147,0.018745,Sp,H-α
spec-1379-53084-0241.fits,210.81983,38.530493,0.019184,Sp,H-α
spec-1380-53084-0402.fits,214.09942,39.502195,0.019489,Sp,H-α
spec-1382-53115-0193.fits,219.34226,36.567855,0.014152,Sp,H-α
spec-1386-53116-0262.fits,228.00862,32.915358,0.022925,Sp,H-α
spec-1390-53142-0282.fits,236.9415,28.641694,0.033262,Sp,H-α
spec-1392-52822-0109.fits,240.75109,27.010278,0.032488,Sp,H-α
spec-1395-52825-0096.fits,217.28479,41.830762,0.01803,Sp,H-α
spec-1415-52885-0507.fits,254.36923,22.599354,0.031435,Sp,H-α
spec-1417-53141-0078.fits,239.79012,35.029857,0.031024,Sp,H-α
spec-1426-52993-0388.fits,151.13262,38.006039,0.023209,Sp,H-α
spec-1430-53002-0028.fits,159.52732,39.177159,0.030359,Sp,H-α
spec-1432-53003-0006.fits,161.16317,38.759552,0.035651,Sp,H-α
spec-1432-53003-0098.fits,160.0024,39.122224,0.03086,Sp,H-α
spec-1435-52996-0345.fits,162.58997,41.464025,0.023764,Sp,H-α
spec-1436-53054-0024.fits,167.12534,45.130825,0.020612,Sp,H-α
spec-1436-53054-0153.fits,165.39152,45.65387,0.029409,Sp,H-α
spec-1436-53054-0175.fits,165.49581,45.228033,0.019996,Sp,H-α
spec-1438-53054-0076.fits,169.58885,45.748208,0.007763,Sp,H-α
spec-1441-53083-0058.fits,171.0245,45.811072,0.018669,Sp,H-α
spec-1446-53080-0417.fits,178.12183,48.45886,0.032025,Sp,H-α
spec-1449-53116-0103.fits,182.30879,47.058364,0.024275,Sp,H-α
spec-1449-53116-0338.fits,180.71116,48.636205,0.01144,Sp,H-α
spec-1451-53117-0180.fits,184.7729,47.27356,0.024867,Sp,H-α
spec-1451-53117-0228.fits,184.20362,47.457384,0.024736,Sp,H-α
spec-1451-53117-0232.fits,184.20428,47.438799,0.024194,Sp,H-α
spec-1458-53119-0013.fits,196.46647,41.721908,0.023829,Sp,H-α
spec-1461-53062-0228.fits,198.02613,46.196153,0.028157,Sp,H-α
spec-1463-53063-0469.fits,202.0419,46.672141,0.008062,Sp,H-α
spec-1464-53091-0417.fits,203.20292,41.871832,0.027277,Sp,H-α
spec-1570-53149-0237.fits,249.87835,21.31692,0.031127,Sp,H-α
spec-1595-52999-0128.fits,146.92178,35.060054,0.015556,Sp,H-α
spec-1602-53117-0257.fits,163.10823,10.547246,0.021629,Sp,H-α
spec-1603-53119-0205.fits,165.19982,10.728148,0.036034,Sp,H-α
spec-1612-53149-0146.fits,182.9484,12.143713,0.013376,Sp,H-α
spec-1612-53149-0634.fits,183.44695,13.424804,0.007018,Sp,H-α
spec-1613-53115-0315.fits,183.1347,12.12381,0.007372,Sp,H-α
spec-1613-53115-0333.fits,183.43806,13.424031,0.007414,Sp,H-α
spec-1613-53115-0357.fits,183.04915,13.246516,0.006231,Sp,H-α
spec-1613-53115-0382.fits,183.47331,13.172847,0.008217,Sp,H-α
spec-1616-53169-0122.fits,189.14277,11.238875,0.007446,Sp,H-α
spec-1616-53169-0135.fits,189.13628,11.257991,0.007577,Sp,H-α
spec-1621-53383-0048.fits,177.63603,6.5675724,0.020384,Sp,H-α
spec-1622-53385-0084.fits,178.99261,6.7522638,0.008998,Sp,H-α
spec-1625-53140-0167.fits,185.03117,7.6918531,0.008748,Sp,H-α
spec-1644-53144-0231.fits,215.35463,35.270629,0.011363,Sp,H-α
spec-1644-53144-0272.fits,215.11035,35.1888,0.011995,Sp,H-α
spec-1652-53555-0086.fits,233.70477,28.655257,0.006707,Sp,H-α
spec-1659-53224-0563.fits,248.60618,21.540902,0.009795,Sp,H-α
spec-1670-53438-0324.fits,207.9467,50.97833,0.013497,Sp,H-α
spec-1670-54553-0006.fits,210.70845,49.172689,0.006713,Sp,H-α
spec-1671-53446-0238.fits,210.72561,49.17101,0.007285,Sp,H-α
spec-1676-53147-0154.fits,224.64997,44.883617,0.036221,Sp,H-α
spec-1678-53433-0007.fits,231.53313,41.676068,0.008783,Sp,H-α
spec-1679-53149-0215.fits,232.87831,40.43003,0.00873,Sp,H-α
spec-1680-53171-0487.fits,235.56448,39.983762,0.015015,Sp,H-α
spec-1697-53142-0306.fits,197.7355,11.477373,0.011226,Sp,H-α
spec-1697-53142-0386.fits,198.17195,12.605608,0.010979,Sp,H-α
spec-1705-53848-0324.fits,212.1374,11.816219,0.019041,Sp,H-α
spec-1706-53442-0208.fits,213.4246,12.504192,0.019564,Sp,H-α
spec-1706-53442-0265.fits,213.13215,13.304739,0.014221,Sp,H-α
spec-1709-53533-0338.fits,216.95695,11.560406,0.024793,Sp,H-α
spec-1715-54212-0186.fits,224.40761,9.1461691,0.029062,Sp,H-α
spec-1715-54212-0196.fits,224.22113,9.2716337,0.028169,Sp,H-α
spec-1717-53883-0203.fits,226.37731,8.5243514,0.027756,Sp,H-α
spec-1721-53857-0060.fits,231.46912,7.8196235,0.033683,Sp,H-α
spec-1726-53137-0304.fits,237.13583,8.5879281,0.014265,Sp,H-α
spec-1735-53035-0145.fits,114.40466,41.947069,0.019677,Sp,H-α
spec-1743-53054-0333.fits,147.46108,12.695224,0.029846,Sp,H-α
spec-1745-53061-0310.fits,151.86539,12.274507,0.009395,Sp,H-α
spec-1749-53357-0192.fits,161.64564,13.750859,0.009819,Sp,H-α
spec-1755-53386-0401.fits,174.2579,15.57061,0.01325,Sp,H-α
spec-1761-53376-0055.fits,176.77647,13.706812,0.010334,Sp,H-α
spec-1767-53436-0373.fits,185.7274,15.821231,0.005289,Sp,H-α
spec-1779-53089-0415.fits,119.25779,49.567357,0.011684,Sp,H-α
spec-1786-54450-0453.fits,137.49195,62.247359,0.026243,Sp,H-α
spec-1787-54465-0448.fits,140.08494,64.102958,0.005772,Sp,H-α
spec-1795-54507-0080.fits,198.43541,6.9921788,0.021535,Sp,H-α
spec-1799-53556-0251.fits,200.86438,6.3925689,0.023144,Sp,H-α
spec-1801-54156-0079.fits,204.59783,6.8876665,0.023605,Sp,H-α
spec-1807-54175-0542.fits,210.77977,9.3630463,0.020008,Sp,H-α
spec-1808-54176-0301.fits,209.37346,6.0970063,0.014483,Sp,H-α
spec-1808-54176-0573.fits,210.5733,7.6841673,0.015179,Sp,H-α
spec-1809-53792-0026.fits,212.4329,8.0691422,0.024262,Sp,H-α
spec-1809-53792-0296.fits,210.63721,9.0797277,0.020085,Sp,H-α
spec-1809-53792-0333.fits,210.54715,9.4401116,0.020871,Sp,H-α
spec-1812-53795-0187.fits,217.82493,7.9446365,0.026896,Sp,H-α
spec-1816-53919-0545.fits,227.57672,7.7054387,0.042387,Sp,H-α
spec-1820-54208-0373.fits,232.82535,7.4577529,0.03369,Sp,H-α
spec-1827-53531-0598.fits,217.9891,6.2504127,0.007855,Sp,H-α
spec-1830-54560-0247.fits,222.71464,5.1144854,0.027544,Sp,H-α
spec-1833-54561-0562.fits,229.53505,5.3106605,0.03791,Sp,H-α
spec-1834-54562-0101.fits,230.48084,5.0629673,0.005013,Sp,H-α
spec-1838-53467-0058.fits,210.42245,33.826819,0.026397,Sp,H-α
spec-1840-53472-0216.fits,215.73055,32.850653,0.034189,Sp,H-α
spec-1850-53786-0154.fits,238.08638,24.626603,0.032024,Sp,H-α
spec-1852-53534-0298.fits,241.77929,22.060558,0.014427,Sp,H-α
spec-1870-53383-0279.fits,118.42098,52.8773,0.022847,Sp,H-α
spec-1873-54437-0080.fits,127.21938,58.203943,0.017709,Sp,H-α
spec-1874-54452-0541.fits,129.91633,60.968884,0.026366,Sp,H-α
spec-1876-54464-0452.fits,135.09427,64.914387,0.035992,Sp,H-α
spec-1879-54478-0011.fits,150.67697,67.730496,0.015113,Sp,H-α
spec-1926-53317-0203.fits,124.77126,21.791401,0.015011,Sp,H-α
spec-1927-53321-0390.fits,124.8838,21.394305,0.013646,Sp,H-α
spec-1928-53327-0006.fits,128.85307,23.52514,0.017055,Sp,H-α
spec-1929-53349-0372.fits,128.01458,24.010917,0.018316,Sp,H-α
spec-1935-53387-0379.fits,136.09513,27.953003,0.009997,Sp,H-α
spec-1939-53389-0259.fits,141.09535,28.293032,0.021773,Sp,H-α
spec-1939-53389-0419.fits,141.8479,30.440814,0.026916,Sp,H-α
spec-1943-53386-0205.fits,143.67213,32.068301,0.022204,Sp,H-α
spec-1943-53386-0463.fits,144.3792,32.84141,0.01454,Sp,H-α
spec-1945-53387-0176.fits,147.12313,33.416488,0.005242,Sp,H-α
spec-1948-53388-0523.fits,149.92172,35.392809,0.01713,Sp,H-α
spec-1951-53389-0121.fits,151.96057,34.315295,0.020487,Sp,H-α
spec-1955-53442-0512.fits,154.78586,34.675019,0.015051,Sp,H-α
spec-1973-53432-0557.fits,159.06771,37.324689,0.005229,Sp,H-α
spec-1975-53734-0307.fits,189.70014,32.091495,0.014464,Sp,H-α
spec-1976-53401-0299.fits,179.11749,39.74191,0.020626,Sp,H-α
spec-1977-53475-0400.fits,199.76293,39.589339,0.023731,Sp,H-α
spec-1986-53475-0374.fits,185.41322,40.848931,0.023032,Sp,H-α
spec-1987-53765-0131.fits,192.53632,33.159152,0.023587,Sp,H-α
spec-1987-53765-0410.fits,192.19113,35.332704,0.013508,Sp,H-α
spec-1993-53762-0045.fits,203.73864,34.044082,0.023648,Sp,H-α
spec-1993-53762-0607.fits,203.97999,35.588257,0.007426,Sp,H-α
spec-1995-53415-0205.fits,182.7067,39.472813,0.022617,Sp,H-α
spec-1998-53433-0274.fits,159.40797,37.45564,0.02314,Sp,H-α
spec-2002-53471-0045.fits,200.73532,28.316443,0.00797,Sp,H-α
spec-2005-53472-0502.fits,204.41615,39.154573,0.01982,Sp,H-α
spec-2009-53857-0135.fits,197.44786,28.906946,0.018655,Sp,H-α
spec-2012-53493-0404.fits,174.13903,36.410345,0.005266,Sp,H-α
spec-2014-53460-0141.fits,208.13315,37.817416,0.012172,Sp,H-α
spec-2016-53799-0481.fits,196.51477,35.980342,0.01609,Sp,H-α
spec-2022-53827-0286.fits,190.43562,35.062767,0.023094,Sp,H-α
spec-2025-53431-0540.fits,162.10341,34.711414,0.00543,Sp,H-α
spec-2026-53711-0349.fits,162.35445,32.772728,0.005426,Sp,H-α
spec-2028-53818-0163.fits,206.82398,34.148803,0.016252,Sp,H-α
spec-2028-53818-0424.fits,205.64246,35.020327,0.024315,Sp,H-α
spec-2030-53499-0279.fits,166.99816,36.872295,0.02674,Sp,H-α
spec-2035-53436-0497.fits,177.75576,36.490456,0.021182,Sp,H-α
spec-2036-53446-0206.fits,173.01,36.698,0.00833,Sp,H-α
spec-2037-53446-0505.fits,170.66263,37.765109,0.006637,Sp,H-α
spec-2082-53358-0211.fits,123.56866,18.440676,0.017114,Sp,H-α
spec-2083-53359-0087.fits,126.43923,19.449291,0.025243,Sp,H-α
spec-2083-53359-0442.fits,126.9251,21.479108,0.014422,Sp,H-α
spec-2083-53359-0579.fits,127.51052,21.488653,0.01525,Sp,H-α
spec-2094-53851-0486.fits,205.78681,30.337736,0.03474,Sp,H-α
spec-2095-53474-0347.fits,179.40361,32.277617,0.01028,Sp,H-α
spec-2096-53446-0155.fits,159.16111,35.052911,0.02261,Sp,H-α
spec-2099-53469-0290.fits,178.4628,33.36491,0.010721,Sp,H-α
spec-2101-53858-0476.fits,205.03796,36.861092,0.019086,Sp,H-α
spec-2101-53858-0518.fits,205.52481,37.04121,0.018551,Sp,H-α
spec-2102-54115-0245.fits,201.6189,36.010278,0.018495,Sp,H-α
spec-2102-54115-0248.fits,201.5381,35.934427,0.0187,Sp,H-α
spec-2110-53467-0473.fits,202.4508,31.130144,0.023879,Sp,H-α
spec-2111-53467-0502.fits,170.00265,36.100869,0.02525,Sp,H-α
spec-2112-53534-0074.fits,202.23628,32.878887,0.02564,Sp,H-α
spec-2113-53468-0157.fits,172.4109,35.514649,0.030337,Sp,H-α
spec-2122-54178-0221.fits,210.26657,29.525577,0.02653,Sp,H-α
spec-2122-54178-0422.fits,210.19083,30.075973,0.027257,Sp,H-α
spec-2124-53770-0522.fits,212.73849,25.497223,0.031015,Sp,H-α
spec-2127-53859-0518.fits,214.33782,26.857439,0.036546,Sp,H-α
spec-2128-53800-0591.fits,214.80327,24.798727,0.017175,Sp,H-α
spec-2131-53819-0203.fits,216.09558,24.614128,0.016889,Sp,H-α
spec-2131-53819-0345.fits,214.81912,26.298597,0.036758,Sp,H-α
spec-2132-53493-0005.fits,217.58404,23.061782,0.016886,Sp,H-α
spec-2132-53493-0054.fits,217.24833,23.191507,0.017476,Sp,H-α
spec-2135-53827-0060.fits,218.9406,24.725797,0.036039,Sp,H-α
spec-2138-53757-0481.fits,219.7084,30.442526,0.012419,Sp,H-α
spec-2141-53764-0302.fits,220.63851,28.726455,0.012424,Sp,H-α
spec-2143-54184-0525.fits,222.39927,25.381341,0.034147,Sp,H-α
spec-2145-54212-0573.fits,224.89304,27.116249,0.022181,Sp,H-α
spec-2152-53874-0256.fits,225.67503,23.333624,0.01897,Sp,H-α
spec-2156-54525-0180.fits,228.56313,20.478654,0.015645,Sp,H-α
spec-2159-54328-0333.fits,229.74239,20.815385,0.041834,Sp,H-α
spec-2163-53823-0286.fits,232.50362,23.638412,0.017698,Sp,H-α
spec-2166-54232-0146.fits,235.02817,20.680606,0.015074,Sp,H-α
spec-2168-53886-0545.fits,237.48892,20.805193,0.03513,Sp,H-α
spec-2172-54230-0020.fits,239.94084,18.801097,0.02939,Sp,H-α
spec-2172-54230-0278.fits,237.59468,18.939276,0.012717,Sp,H-α
spec-2173-53874-0031.fits,240.85073,20.891249,0.01586,Sp,H-α
spec-2173-53874-0520.fits,240.75469,20.955941,0.014421,Sp,H-α
spec-2199-53556-0306.fits,239.63476,17.441471,0.007261,Sp,H-α
spec-2211-53786-0170.fits,166.15518,28.227965,0.029446,Sp,H-α
spec-2217-53794-0019.fits,172.97336,28.35848,0.023557,Sp,H-α
spec-2221-53792-0117.fits,176.32318,26.767391,0.030271,Sp,H-α
spec-2226-53819-0389.fits,179.46408,27.868675,0.011186,Sp,H-α
spec-2227-53820-0319.fits,179.69029,27.452442,0.011504,Sp,H-α
spec-2228-53818-0318.fits,180.59382,29.86177,0.010418,Sp,H-α
spec-2228-53818-0334.fits,181.18051,31.177287,0.024998,Sp,H-α
spec-2231-53816-0513.fits,184.96908,27.621004,0.007685,Sp,H-α
spec-2233-53845-0587.fits,187.26609,27.778865,0.023376,Sp,H-α
spec-2238-54205-0260.fits,191.17193,26.419592,0.015222,Sp,H-α
spec-2239-53726-0016.fits,193.66924,28.938672,0.00831,Sp,H-α
spec-2239-53726-0231.fits,191.85901,29.787786,0.022478,Sp,H-α
spec-2244-53795-0425.fits,200.73172,26.980733,0.009621,Sp,H-α
spec-2267-53713-0299.fits,120.70681,15.808279,0.016178,Sp,H-α
spec-2273-53709-0402.fits,126.12892,18.597091,0.019694,Sp,H-α
spec-2279-53708-0141.fits,132.01921,17.702378,0.015614,Sp,H-α
spec-2279-53708-0514.fits,132.10274,18.331132,0.021082,Sp,H-α
spec-2289-53708-0408.fits,141.59074,22.130274,0.025822,Sp,H-α
spec-2290-53727-0578.fits,140.92918,22.909066,0.033106,Sp,H-α
spec-2292-53713-0066.fits,145.78564,21.18237,0.01641,Sp,H-α
spec-2296-53735-0241.fits,144.40688,23.240763,0.024961,Sp,H-α
spec-2298-53737-0390.fits,148.57406,23.287484,0.013733,Sp,H-α
spec-2348-53757-0245.fits,152.61631,27.956108,0.015943,Sp,H-α
spec-2350-53765-0539.fits,155.04618,27.817043,0.016543,Sp,H-α
spec-2352-53770-0600.fits,159.91265,25.322739,0.017334,Sp,H-α
spec-2355-53792-0522.fits,161.91403,26.294815,0.021773,Sp,H-α
spec-2358-53797-0214.fits,161.7608,26.542892,0.020994,Sp,H-α
spec-2364-53737-0472.fits,151.30621,21.455964,0.0186,Sp,H-α
spec-2365-53739-0543.fits,154.44944,21.873335,0.005308,Sp,H-α
spec-2369-53733-0217.fits,144.292,16.977206,0.027772,Sp,H-α
spec-2372-53768-0179.fits,152.05405,18.707095,0.009628,Sp,H-α
spec-2375-53770-0064.fits,157.46499,19.833165,0.035408,Sp,H-α
spec-2375-53770-0103.fits,157.3722,19.622792,0.026925,Sp,H-α
spec-2375-53770-0519.fits,156.85776,20.447618,0.018552,Sp,H-α
spec-2432-54052-0596.fits,135.56595,16.838295,0.012759,Sp,H-α
spec-2433-53820-0166.fits,134.25454,13.199114,0.013314,Sp,H-α
spec-2437-53848-0592.fits,139.00747,17.589822,0.029421,Sp,H-α
spec-2437-53848-0604.fits,139.00737,17.820694,0.028731,Sp,H-α
spec-2439-53795-0427.fits,139.09036,17.727219,0.025961,Sp,H-α
spec-2477-54058-0459.fits,160.65885,23.951896,0.043594,Sp,H-α
spec-2478-54097-0450.fits,161.28941,22.078491,0.019277,Sp,H-α
spec-2485-54176-0184.fits,165.19395,17.587541,0.029304,Sp,H-α
spec-2497-54154-0014.fits,172.15044,23.404655,0.024456,Sp,H-α
spec-2502-54180-0376.fits,172.7654,20.235636,0.013961,Sp,H-α
spec-2502-54180-0459.fits,173.17311,20.438663,0.020174,Sp,H-α
spec-2504-54179-0341.fits,172.43833,22.126549,0.021703,Sp,H-α
spec-2504-54179-0507.fits,174.06375,22.432653,0.011882,Sp,H-α
spec-2505-53856-0483.fits,175.05809,24.697065,0.0119,Sp,H-α
spec-2506-54179-0471.fits,175.68819,20.032317,0.021084,Sp,H-α
spec-2506-54179-0505.fits,175.99567,20.077028,0.024547,Sp,H-α
spec-2507-53876-0569.fits,175.88098,22.725445,0.023007,Sp,H-α
spec-2509-54180-0352.fits,175.60206,20.119303,0.019961,Sp,H-α
spec-2509-54180-0584.fits,177.75462,20.39933,0.021539,Sp,H-α
spec-2512-53877-0194.fits,178.00853,16.80969,0.01236,Sp,H-α
spec-2513-54141-0206.fits,177.9993,21.108435,0.022133,Sp,H-α
spec-2514-53882-0249.fits,178.42186,23.382209,0.021535,Sp,H-α
spec-2514-53882-0444.fits,178.89639,25.889454,0.01677,Sp,H-α
spec-2515-54180-0363.fits,178.33467,20.751718,0.020701,Sp,H-α
spec-2516-54241-0321.fits,234.63242,12.188711,0.006053,Sp,H-α
spec-2522-54570-0140.fits,239.53324,12.07029,0.015607,Sp,H-α
spec-2525-54569-0532.fits,242.15156,12.330989,0.033398,Sp,H-α
spec-2526-54582-0441.fits,241.99317,10.779589,0.016314,Sp,H-α
spec-2527-54569-0248.fits,242.61064,12.305682,0.034167,Sp,H-α
spec-2575-54085-0106.fits,135.26348,11.098305,0.006875,Sp,H-α
spec-2583-54095-0549.fits,148.89005,16.432868,0.012405,Sp,H-α
spec-2583-54095-0574.fits,149.08527,16.832543,0.013015,Sp,H-α
spec-2586-54169-0224.fits,151.09327,13.622754,0.009608,Sp,H-α
spec-2587-54138-0104.fits,153.25457,17.034278,0.021816,Sp,H-α
spec-2589-54174-0634.fits,156.60643,17.510388,0.018562,Sp,H-α
spec-2595-54207-0137.fits,180.86387,16.485717,0.013483,Sp,H-α
spec-2595-54207-0598.fits,181.68533,17.715373,0.014306,Sp,H-α
spec-2596-54207-0121.fits,183.28771,16.296964,0.025409,Sp,H-α
spec-2596-54207-0253.fits,182.65628,16.032919,0.007175,Sp,H-α
spec-2596-54207-0303.fits,181.78981,16.995603,0.022225,Sp,H-α
spec-2606-54154-0462.fits,202.33654,17.047702,0.012977,Sp,H-α
spec-2608-54474-0431.fits,180.43715,20.328341,0.023598,Sp,H-α
spec-2618-54506-0553.fits,199.33245,20.63807,0.022869,Sp,H-α
spec-2619-54506-0564.fits,201.66634,19.944662,0.023865,Sp,H-α
spec-2645-54477-0262.fits,183.90382,21.909274,0.022225,Sp,H-α
spec-2654-54231-0613.fits,206.53754,21.894285,0.027328,Sp,H-α
spec-2656-54484-0413.fits,182.04983,25.75714,0.023955,Sp,H-α
spec-2657-54502-0557.fits,184.58926,25.216793,0.023149,Sp,H-α
spec-2659-54498-0062.fits,189.15859,24.428774,0.023089,Sp,H-α
spec-2663-54234-0194.fits,198.02784,24.095011,0.008698,Sp,H-α
spec-2663-54234-0238.fits,197.45828,24.577578,0.023649,Sp,H-α
spec-2742-54233-0193.fits,206.7195,16.272854,0.019308,Sp,H-α
spec-2744-54272-0302.fits,209.51959,15.314832,0.018684,Sp,H-α
spec-2745-54231-0068.fits,213.70989,15.14689,0.015274,Sp,H-α
spec-2745-54231-0179.fits,212.68942,15.209409,0.026151,Sp,H-α
spec-2751-54243-0049.fits,226.16909,12.633451,0.028875,Sp,H-α
spec-2753-54234-0338.fits,229.50037,13.526483,0.024932,Sp,H-α
spec-2754-54240-0372.fits,232.50348,12.989325,0.013298,Sp,H-α
spec-2769-54527-0285.fits,206.63425,20.84752,0.023153,Sp,H-α
spec-2778-54539-0493.fits,223.74843,18.03734,0.020235,Sp,H-α
spec-2779-54540-0160.fits,226.13188,17.315084,0.02093,Sp,H-α
spec-2791-54556-0199.fits,224.29667,19.698229,0.015642,Sp,H-α
spec-2880-54509-0278.fits,185.47857,4.4864803,0.005395,Sp,H-α
spec-2880-54509-0442.fits,185.8428,6.0407178,0.023406,Sp,H-α
spec-2881-54502-0385.fits,174.05125,59.976529,0.010996,Sp,H-α
spec-2886-54498-0228.fits,162.87294,9.2795129,0.02666,Sp,H-α
spec-2947-54533-0190.fits,219.88797,62.002902,0.022302,Sp,H-α
spec-0269-51910-0623.fits,151.98505,0.2721735,0.033428,E,Mg-I
spec-0276-51909-0248.fits,162.90058,-1.0878652,0.038295,E,Mg-I
spec-0277-51908-0370.fits,164.82438,1.1534874,0.039486,E,Mg-I
spec-0287-52023-0413.fits,182.76692,0.97227748,0.020408,E,Mg-I
spec-0290-51941-0542.fits,189.75468,0.36557387,0.023015,E,Mg-I
spec-0295-51585-0295.fits,197.59905,-1.0105358,0.018688,E,Mg-I
spec-0296-51984-0271.fits,199.67907,-0.17889562,0.047581,E,Mg-I
spec-0298-51662-0395.fits,202.49968,0.30512067,0.02156,E,Mg-I
spec-0326-52375-0461.fits,171.66945,-1.6937925,0.046405,E,Mg-I
spec-0328-52282-0477.fits,175.62897,-2.2515163,0.047381,E,Mg-I
spec-0328-52282-0536.fits,175.87221,-1.6679403,0.044595,E,Mg-I
spec-0352-51694-0132.fits,260.10726,62.60368,0.01204,E,Mg-I
spec-0357-51813-0444.fits,259.89506,56.630038,0.027366,E,Mg-I
spec-0366-52017-0583.fits,263.69089,58.937541,0.030694,E,Mg-I
spec-0376-52143-0382.fits,336.56095,0.66780124,0.036378,E,Mg-I
spec-0382-51816-0017.fits,350.12115,-1.0024467,0.031255,E,Mg-I
spec-0383-51818-0390.fits,350.2801,0.39988363,0.030952,E,Mg-I
spec-0385-51783-0588.fits,356.12534,0.32045758,0.02204,E,Mg-I
spec-0389-51795-0317.fits,3.0253963,-0.41521028,0.018171,E,Mg-I
spec-0389-51795-0370.fits,3.3008128,0.7429578,0.038763,E,Mg-I
spec-0393-51794-0373.fits,10.547121,0.90453564,0.01819,E,Mg-I
spec-0394-51876-0561.fits,13.469751,0.97960817,0.042044,E,Mg-I
spec-0395-51783-0257.fits,14.095168,-1.2097478,0.049786,E,Mg-I
spec-0396-51816-0075.fits,16.788159,-0.62170676,0.017703,E,Mg-I
spec-0398-51789-0086.fits,19.806273,-1.1444412,0.046787,E,Mg-I
spec-0398-51789-0138.fits,19.723432,-1.0020141,0.045257,E,Mg-I
spec-0399-51817-0186.fits,20.871982,-0.53256126,0.027511,E,Mg-I
spec-0400-51820-0608.fits,24.482105,1.0013897,0.043089,E,Mg-I
spec-0403-51871-0276.fits,28.72132,-0.59707487,0.022322,E,Mg-I
spec-0405-51816-0603.fits,34.269918,1.2441978,0.021411,E,Mg-I
spec-0412-52258-0517.fits,48.010375,-0.078480347,0.037617,E,Mg-I
spec-0415-51879-0286.fits,52.571564,-0.92019668,0.021366,E,Mg-I
spec-0434-51885-0326.fits,116.7826,43.314052,0.041659,E,Mg-I
spec-0434-51885-0470.fits,117.41249,42.967067,0.030721,E,Mg-I
spec-0436-51883-0092.fits,119.16191,44.128073,0.047396,E,Mg-I
spec-0436-51883-0216.fits,118.64895,44.151818,0.031344,E,Mg-I
spec-0437-51876-0083.fits,120.38461,42.002325,0.031577,E,Mg-I
spec-0442-51882-0607.fits,127.41144,52.076363,0.005848,E,Mg-I
spec-0446-51899-0535.fits,131.15848,55.018924,0.025356,E,Mg-I
spec-0448-51900-0315.fits,131.11513,55.628564,0.031075,E,Mg-I
spec-0449-51900-0102.fits,135.29341,53.220102,0.030163,E,Mg-I
spec-0471-51924-0094.fits,137.17432,0.48470355,0.018838,E,Mg-I
spec-0473-51929-0090.fits,139.97995,0.94511893,0.017641,E,Mg-I
spec-0475-51965-0553.fits,142.4431,2.0643525,0.02488,E,Mg-I
spec-0484-51907-0105.fits,138.81024,58.200034,0.01092,E,Mg-I
spec-0489-51930-0050.fits,159.50679,64.266374,0.005577,E,Mg-I
spec-0493-51957-0200.fits,181.94843,67.383789,0.007757,E,Mg-I
spec-0498-51984-0271.fits,209.47302,64.910988,0.032005,E,Mg-I
spec-0501-52235-0615.fits,151.54376,2.9128884,0.022604,E,Mg-I
spec-0501-52235-0640.fits,152.04306,2.4634132,0.006856,E,Mg-I
spec-0508-52366-0259.fits,164.56345,1.6159947,0.039326,E,Mg-I
spec-0508-52366-0298.fits,164.4309,1.5672943,0.039189,E,Mg-I
spec-0511-52636-0483.fits,170.38568,2.8872572,0.048832,E,Mg-I
spec-0512-51992-0602.fits,172.92139,3.4880245,0.022102,E,Mg-I
spec-0514-51994-0431.fits,175.51356,3.0047178,0.040594,E,Mg-I
spec-0519-52283-0415.fits,185.67641,3.1418169,0.023084,E,Mg-I
spec-0521-52326-0300.fits,189.52154,1.477751,0.006158,E,Mg-I
spec-0521-52326-0604.fits,190.82806,3.5501537,0.04766,E,Mg-I
spec-0524-52027-0384.fits,195.5449,3.1065768,0.047189,E,Mg-I
spec-0530-52026-0372.fits,206.92971,3.4114905,0.023501,E,Mg-I
spec-0530-52026-0468.fits,207.27342,2.9262947,0.033164,E,Mg-I
spec-0531-52028-0495.fits,209.69012,2.8442825,0.016349,E,Mg-I
spec-0532-51993-0005.fits,212.85929,1.2864937,0.024935,E,Mg-I
spec-0533-51994-0537.fits,213.71395,3.130926,0.025277,E,Mg-I
spec-0534-51997-0615.fits,216.80743,2.8468338,0.03566,E,Mg-I
spec-0536-52024-0531.fits,219.81469,2.7280329,0.027859,E,Mg-I
spec-0548-51986-0446.fits,125.73619,45.485941,0.046922,E,Mg-I
spec-0553-51999-0523.fits,138.35789,52.981313,0.025225,E,Mg-I
spec-0555-52266-0347.fits,140.09765,54.942145,0.045623,E,Mg-I
spec-0557-52253-0454.fits,147.83289,57.940976,0.029453,E,Mg-I
spec-0557-52253-0472.fits,147.1259,57.191063,0.031638,E,Mg-I
spec-0560-52296-0162.fits,158.59986,59.387499,0.04396,E,Mg-I
spec-0560-52296-0165.fits,158.51935,59.403471,0.045433,E,Mg-I
spec-0561-52295-0129.fits,161.93045,59.411177,0.028173,E,Mg-I
spec-0564-52224-0275.fits,130.1434,2.6113213,0.04962,E,Mg-I
spec-0566-52238-0349.fits,135.36924,3.7205926,0.012741,E,Mg-I
spec-0571-52286-0265.fits,147.3611,4.0031689,0.024034,E,Mg-I
spec-0572-52289-0533.fits,150.18837,4.7343227,0.013236,E,Mg-I
spec-0586-52023-0021.fits,220.38378,3.5992178,0.025601,E,Mg-I
spec-0586-52023-0109.fits,219.8153,3.6774807,0.027559,E,Mg-I
spec-0587-52026-0285.fits,220.19215,3.0988479,0.025182,E,Mg-I
spec-0587-52026-0305.fits,220.10831,3.5989129,0.028139,E,Mg-I
spec-0588-52045-0414.fits,223.14677,4.5458827,0.028574,E,Mg-I
spec-0588-52045-0526.fits,223.55474,4.8415496,0.034715,E,Mg-I
spec-0590-52057-0107.fits,228.24896,3.1552401,0.029492,E,Mg-I
spec-0590-52057-0450.fits,227.90416,4.4672509,0.035128,E,Mg-I
spec-0590-52057-0603.fits,228.29341,4.4820723,0.035957,E,Mg-I
spec-0592-52025-0403.fits,230.50788,3.7517368,0.037097,E,Mg-I
spec-0595-52023-0142.fits,239.9457,2.7127477,0.032509,E,Mg-I
spec-0596-52370-0332.fits,165.76762,64.774214,0.036182,E,Mg-I
spec-0603-52056-0048.fits,203.02879,62.700674,0.009753,E,Mg-I
spec-0619-52056-0158.fits,239.33916,54.671112,0.046939,E,Mg-I
spec-0623-52051-0151.fits,244.02482,50.915464,0.047344,E,Mg-I
spec-0623-52051-0433.fits,242.8483,52.454779,0.029423,E,Mg-I
spec-0630-52050-0245.fits,251.75318,39.061343,0.029117,E,Mg-I
spec-0631-52054-0011.fits,254.84496,41.042449,0.040653,E,Mg-I
spec-0633-52079-0414.fits,254.71122,40.121161,0.02888,E,Mg-I
spec-0766-52247-0045.fits,139.19916,49.780379,0.028583,E,Mg-I
spec-0769-54530-0229.fits,146.99908,53.812199,0.046895,E,Mg-I
spec-0770-52282-0156.fits,151.13228,60.107974,0.010134,E,Mg-I
spec-0771-52370-0095.fits,154.09591,60.234915,0.031353,E,Mg-I
spec-0774-52286-0317.fits,164.11019,60.692148,0.029523,E,Mg-I
spec-0783-52325-0611.fits,199.16403,62.632844,0.034394,E,Mg-I
spec-0786-52319-0341.fits,204.15296,61.439534,0.035814,E,Mg-I
spec-0788-52338-0633.fits,215.65448,59.930911,0.029231,E,Mg-I
spec-0790-52441-0218.fits,218.09454,56.852358,0.043006,E,Mg-I
spec-0792-52353-0262.fits,223.13058,55.407153,0.038443,E,Mg-I
spec-0812-52352-0054.fits,239.18052,48.095026,0.019621,E,Mg-I
spec-0813-52354-0467.fits,240.45247,47.388053,0.043004,E,Mg-I
spec-0816-52379-0170.fits,247.28896,40.987591,0.034353,E,Mg-I
spec-0819-52409-0258.fits,252.07306,35.900154,0.032204,E,Mg-I
spec-0828-52317-0454.fits,129.75285,40.346106,0.024718,E,Mg-I
spec-0835-52326-0130.fits,168.7485,3.6020911,0.029517,E,Mg-I
spec-0836-52376-0226.fits,170.07416,4.3203623,0.049083,E,Mg-I
spec-0836-52376-0388.fits,170.29232,5.3634818,0.028843,E,Mg-I
spec-0841-52375-0102.fits,180.73165,4.2340534,0.020702,E,Mg-I
spec-0841-52375-0406.fits,179.51157,5.9122705,0.039412,E,Mg-I
spec-0856-52339-0434.fits,209.19812,5.5263058,0.024055,E,Mg-I
spec-0856-52339-0441.fits,209.2811,5.2518774,0.039688,E,Mg-I
spec-0857-52314-0043.fits,115.17768,23.626243,0.024494,E,Mg-I
spec-0860-52319-0207.fits,120.16732,28.476501,0.048595,E,Mg-I
spec-0872-52339-0184.fits,151.53099,47.262647,0.02481,E,Mg-I
spec-0877-52353-0200.fits,165.73448,50.659244,0.020478,E,Mg-I
spec-0878-52353-0640.fits,170.63417,51.533131,0.02628,E,Mg-I
spec-0884-52374-0168.fits,186.73009,52.075657,0.03002,E,Mg-I
spec-0887-52376-0501.fits,196.9961,51.929303,0.015676,E,Mg-I
spec-0889-52663-0590.fits,117.60499,30.22569,0.026586,E,Mg-I
spec-0890-52583-0615.fits,119.73832,32.612263,0.028279,E,Mg-I
spec-0894-52615-0447.fits,127.10635,40.630573,0.024567,E,Mg-I
spec-0900-52637-0084.fits,140.62288,47.262443,0.030189,E,Mg-I
spec-0904-52381-0510.fits,155.11812,53.85636,0.032307,E,Mg-I
spec-0907-52373-0031.fits,165.84034,55.670861,0.04821,E,Mg-I
spec-0910-52377-0102.fits,202.94115,-2.7130534,0.020956,E,Mg-I
spec-0910-52377-0241.fits,201.46084,-3.5034298,0.02038,E,Mg-I
spec-0910-52377-0607.fits,202.83194,-1.6150375,0.021574,E,Mg-I
spec-0915-52443-0221.fits,210.15503,-2.8578207,0.024838,E,Mg-I
spec-0922-52426-0480.fits,226.03052,-2.0037437,0.034433,E,Mg-I
spec-0922-52426-0504.fits,226.59279,-1.7518369,0.036819,E,Mg-I
spec-0925-52411-0174.fits,233.28972,-1.866021,0.02821,E,Mg-I
spec-0929-52581-0166.fits,119.8738,27.026436,0.022181,E,Mg-I
spec-0936-52705-0028.fits,136.81394,37.50484,0.024372,E,Mg-I
spec-0938-52708-0060.fits,140.17933,39.31576,0.027744,E,Mg-I
spec-0940-52670-0004.fits,145.47982,41.409359,0.047151,E,Mg-I
spec-0948-52428-0284.fits,158.24541,56.748156,0.044871,E,Mg-I
spec-0948-52428-0517.fits,160.88481,57.672139,0.045975,E,Mg-I
spec-0951-52398-0128.fits,169.78174,58.053975,0.032528,E,Mg-I
spec-0952-52409-0053.fits,173.92201,58.323729,0.017188,E,Mg-I
spec-0957-52398-0059.fits,195.14154,58.982516,0.04601,E,Mg-I
spec-0958-52410-0221.fits,196.65393,58.764203,0.028011,E,Mg-I
spec-0966-52642-0038.fits,174.1273,49.131349,0.037095,E,Mg-I
spec-0966-52642-0164.fits,173.14505,49.10966,0.034015,E,Mg-I
spec-0967-52636-0008.fits,177.26933,48.749641,0.018743,E,Mg-I
spec-0967-52636-0301.fits,173.69398,48.956115,0.031567,E,Mg-I
spec-0970-52413-0501.fits,184.50924,50.453732,0.029621,E,Mg-I
spec-0971-52644-0307.fits,184.88371,49.815753,0.013701,E,Mg-I
spec-0971-52644-0324.fits,185.64591,51.154884,0.029644,E,Mg-I
spec-0972-52435-0247.fits,254.60941,33.037605,0.036755,E,Mg-I
spec-0973-52426-0435.fits,255.30707,33.51319,0.037424,E,Mg-I
spec-0984-52442-0412.fits,314.65937,0.9125774,0.047891,E,Mg-I
spec-0986-52443-0468.fits,318.50227,0.53510725,0.026927,E,Mg-I
spec-0986-52443-0550.fits,319.01574,1.0183407,0.031419,E,Mg-I
spec-0996-52641-0145.fits,152.6457,6.1673114,0.031259,E,Mg-I
spec-0996-52641-0291.fits,151.32719,5.5696589,0.022915,E,Mg-I
spec-0997-52734-0223.fits,154.00086,6.2514461,0.045833,E,Mg-I
spec-1014-52707-0477.fits,173.14177,54.926541,0.020537,E,Mg-I
spec-1039-52707-0047.fits,196.38399,53.685146,0.029698,E,Mg-I
spec-1039-52707-0061.fits,197.28644,53.943586,0.008351,E,Mg-I
spec-1040-52722-0079.fits,199.62489,54.066442,0.032673,E,Mg-I
spec-1049-52751-0368.fits,224.74968,48.409845,0.035818,E,Mg-I
spec-1052-52466-0511.fits,234.01164,43.503461,0.018676,E,Mg-I
spec-1053-52468-0584.fits,237.49372,42.078325,0.035261,E,Mg-I
spec-1057-52522-0391.fits,244.41891,35.004206,0.029815,E,Mg-I
spec-1057-52522-0429.fits,244.50235,35.110291,0.031343,E,Mg-I
spec-1057-52522-0469.fits,244.60098,35.326495,0.0297,E,Mg-I
spec-1057-52522-0548.fits,245.91094,35.011291,0.033513,E,Mg-I
spec-1061-52641-0105.fits,120.59853,31.187744,0.038921,E,Mg-I
spec-1160-52674-0005.fits,216.17324,55.705602,0.041486,E,Mg-I
spec-1164-52674-0437.fits,224.57983,53.237492,0.029489,E,Mg-I
spec-1165-52703-0081.fits,228.59331,50.329671,0.036921,E,Mg-I
spec-1166-52751-0083.fits,231.70087,48.614977,0.038038,E,Mg-I
spec-1168-52731-0204.fits,237.2215,45.959915,0.038595,E,Mg-I
spec-1169-52753-0433.fits,238.67528,45.344254,0.04014,E,Mg-I
spec-1169-52753-0546.fits,240.23678,45.417661,0.042498,E,Mg-I
spec-1170-52756-0109.fits,242.71757,41.885824,0.038253,E,Mg-I
spec-1172-52759-0016.fits,247.83001,39.150809,0.02956,E,Mg-I
spec-1172-52759-0083.fits,246.62228,39.082203,0.032885,E,Mg-I
spec-1172-52759-0146.fits,246.98336,39.281396,0.031944,E,Mg-I
spec-1172-52759-0160.fits,247.09711,39.570302,0.029151,E,Mg-I
spec-1172-52759-0533.fits,246.68806,40.684218,0.029134,E,Mg-I
spec-1172-52759-0622.fits,247.76134,39.792511,0.028881,E,Mg-I
spec-1173-52790-0451.fits,247.63606,39.384201,0.030458,E,Mg-I
spec-1174-52782-0475.fits,249.47466,36.073054,0.031355,E,Mg-I
spec-1185-52642-0388.fits,125.6737,4.3278483,0.028784,E,Mg-I
spec-1198-52669-0017.fits,134.71357,38.80954,0.028338,E,Mg-I
spec-1200-52668-0230.fits,136.40492,41.092279,0.041351,E,Mg-I
spec-1200-52668-0288.fits,135.75892,40.433984,0.028763,E,Mg-I
spec-1201-52674-0094.fits,139.15021,41.716015,0.028569,E,Mg-I
spec-1201-52674-0133.fits,139.07918,41.549948,0.024851,E,Mg-I
spec-1202-52672-0604.fits,146.61911,45.752606,0.015853,E,Mg-I
spec-1218-52709-0580.fits,153.95466,43.788146,0.017222,E,Mg-I
spec-1220-52723-0318.fits,164.65654,9.0504494,0.008752,E,Mg-I
spec-1220-52723-0547.fits,165.36027,9.7889045,0.027175,E,Mg-I
spec-1225-52760-0201.fits,175.60289,8.8380507,0.021195,E,Mg-I
spec-1228-52728-0052.fits,180.99801,9.2164796,0.03478,E,Mg-I
spec-1228-52728-0217.fits,180.32851,9.1651963,0.02099,E,Mg-I
spec-1229-52723-0384.fits,181.3085,10.613245,0.033445,E,Mg-I
spec-1230-52672-0449.fits,184.52858,10.896222,0.023671,E,Mg-I
spec-1231-52725-0100.fits,186.74668,8.9587512,0.024384,E,Mg-I
spec-1231-52725-0189.fits,186.03232,9.3837229,0.025492,E,Mg-I
spec-1238-52761-0202.fits,155.16523,7.8594214,0.045094,E,Mg-I
spec-1265-52705-0271.fits,120.99667,23.755681,0.029381,E,Mg-I
spec-1265-52705-0588.fits,122.58922,25.122298,0.027695,E,Mg-I
spec-1266-52709-0141.fits,123.76854,25.608667,0.020816,E,Mg-I
spec-1274-52995-0283.fits,139.63573,35.001707,0.023092,E,Mg-I
spec-1276-53035-0380.fits,145.81962,38.878384,0.027401,E,Mg-I
spec-1277-52765-0089.fits,148.70149,37.686946,0.016893,E,Mg-I
spec-1280-52738-0220.fits,194.84324,48.345443,0.029212,E,Mg-I
spec-1289-52734-0437.fits,220.32149,44.478847,0.010755,E,Mg-I
spec-1290-52734-0613.fits,224.7525,43.4077,0.030596,E,Mg-I
spec-1292-52736-0264.fits,228.07158,40.430721,0.03212,E,Mg-I
spec-1302-52763-0026.fits,141.62931,8.351053,0.028099,E,Mg-I
spec-1304-52993-0492.fits,144.5216,9.6166857,0.02856,E,Mg-I
spec-1304-52993-0541.fits,144.63704,10.341774,0.048985,E,Mg-I
spec-1316-52790-0195.fits,187.43892,56.826337,0.015724,E,Mg-I
spec-1332-52781-0591.fits,235.01873,46.105944,0.036558,E,Mg-I
spec-1333-52782-0599.fits,237.28235,44.69951,0.035564,E,Mg-I
spec-1335-52824-0612.fits,242.31864,41.745723,0.025618,E,Mg-I
spec-1337-52767-0408.fits,244.69081,39.334456,0.03164,E,Mg-I
spec-1337-52767-0494.fits,245.43027,37.996036,0.033063,E,Mg-I
spec-1339-52767-0116.fits,250.15995,33.931151,0.037573,E,Mg-I
spec-1348-53084-0128.fits,215.6353,39.584953,0.017018,E,Mg-I
spec-1348-53084-0155.fits,215.61783,40.319815,0.018111,E,Mg-I
spec-1348-53084-0157.fits,215.75636,40.377422,0.018574,E,Mg-I
spec-1351-52790-0217.fits,223.63447,37.075609,0.031385,E,Mg-I
spec-1351-52790-0623.fits,225.6789,37.949362,0.028796,E,Mg-I
spec-1372-53062-0031.fits,190.91401,44.101294,0.040535,E,Mg-I
spec-1376-53089-0567.fits,201.73671,44.821083,0.027888,E,Mg-I
spec-1378-53061-0388.fits,207.85573,40.213272,0.008235,E,Mg-I
spec-1381-53089-0277.fits,215.73885,37.527423,0.032175,E,Mg-I
spec-1381-53089-0288.fits,215.61974,37.122197,0.010606,E,Mg-I
spec-1382-53115-0233.fits,218.98181,36.719553,0.013675,E,Mg-I
spec-1382-53115-0528.fits,219.78332,38.134235,0.031561,E,Mg-I
spec-1382-53115-0543.fits,220.64111,37.452334,0.013763,E,Mg-I
spec-1392-52822-0100.fits,240.95726,26.542089,0.048717,E,Mg-I
spec-1393-52824-0612.fits,242.80881,26.92341,0.031927,E,Mg-I
spec-1406-52876-0072.fits,243.54513,29.851691,0.033659,E,Mg-I
spec-1414-53135-0634.fits,252.56542,23.579837,0.036061,E,Mg-I
spec-1417-53141-0164.fits,238.77886,34.782269,0.047142,E,Mg-I
spec-1423-53167-0313.fits,249.51413,25.302735,0.036565,E,Mg-I
spec-1427-52996-0328.fits,153.55811,39.05095,0.025183,E,Mg-I
spec-1427-52996-0428.fits,153.68888,38.980999,0.023158,E,Mg-I
spec-1429-52990-0180.fits,157.66051,44.012717,0.028031,E,Mg-I
spec-1430-53002-0059.fits,158.80468,38.525085,0.043025,E,Mg-I
spec-1431-52992-0399.fits,158.77013,44.745751,0.025162,E,Mg-I
spec-1434-53053-0575.fits,163.44378,46.218922,0.024998,E,Mg-I
spec-1436-53054-0233.fits,164.40469,45.634418,0.042683,E,Mg-I
spec-1436-53054-0484.fits,165.04014,45.917014,0.021437,E,Mg-I
spec-1437-53046-0308.fits,164.37987,40.94615,0.025088,E,Mg-I
spec-1438-53054-0402.fits,167.86404,47.035536,0.025231,E,Mg-I
spec-1449-53116-0009.fits,183.20804,46.773067,0.024118,E,Mg-I
spec-1453-53084-0185.fits,187.54939,47.006312,0.039099,E,Mg-I
spec-1455-53089-0426.fits,190.0042,47.784746,0.038943,E,Mg-I
spec-1459-53117-0325.fits,194.98506,47.205566,0.028835,E,Mg-I
spec-1459-53117-0364.fits,195.79348,47.393866,0.02452,E,Mg-I
spec-1463-53063-0464.fits,202.10531,46.591649,0.008075,E,Mg-I
spec-1571-53174-0394.fits,248.25674,22.797399,0.036325,E,Mg-I
spec-1573-53226-0400.fits,245.917,24.47419,0.038675,E,Mg-I
spec-1573-53226-0443.fits,247.19222,25.494705,0.040074,E,Mg-I
spec-1579-53473-0187.fits,238.54796,30.155855,0.02025,E,Mg-I
spec-1592-52990-0410.fits,139.89513,33.888093,0.021441,E,Mg-I
spec-1592-52990-0489.fits,139.90015,33.428333,0.023503,E,Mg-I
spec-1593-52991-0080.fits,143.50397,33.990716,0.027456,E,Mg-I
spec-1594-52992-0569.fits,145.72542,36.213984,0.022311,E,Mg-I
spec-1596-52998-0140.fits,149.38114,36.091335,0.02733,E,Mg-I
spec-1596-52998-0374.fits,149.07212,37.59003,0.02295,E,Mg-I
spec-1596-52998-0590.fits,150.37943,37.203945,0.021881,E,Mg-I
spec-1598-53033-0553.fits,156.78246,11.010723,0.032336,E,Mg-I
spec-1603-53119-0438.fits,165.14751,12.161569,0.021185,E,Mg-I
spec-1609-53142-0605.fits,178.475,13.278114,0.024466,E,Mg-I
spec-1613-53115-0044.fits,185.12575,11.340936,0.043088,E,Mg-I
spec-1622-53385-0292.fits,178.00703,6.4096198,0.019803,E,Mg-I
spec-1623-53089-0245.fits,180.42779,6.449579,0.019993,E,Mg-I
spec-1642-53115-0186.fits,210.3501,36.800089,0.008983,E,Mg-I
spec-1644-53144-0176.fits,216.07669,35.242855,0.028265,E,Mg-I
spec-1645-53172-0465.fits,218.41485,35.312034,0.029155,E,Mg-I
spec-1651-53442-0620.fits,232.41911,30.485929,0.035712,E,Mg-I
spec-1655-53523-0119.fits,239.96505,25.940642,0.044658,E,Mg-I
spec-1673-53462-0621.fits,218.67395,47.937794,0.026891,E,Mg-I
spec-1682-53173-0563.fits,241.12996,37.159539,0.030884,E,Mg-I
spec-1683-53436-0039.fits,244.90831,34.322945,0.032465,E,Mg-I
spec-1684-53239-0561.fits,246.53834,32.752305,0.036257,E,Mg-I
spec-1699-53148-0208.fits,202.31433,11.203158,0.023361,E,Mg-I
spec-1702-53144-0558.fits,209.305,12.021325,0.020737,E,Mg-I
spec-1705-53848-0421.fits,212.44507,11.584849,0.038179,E,Mg-I
spec-1707-53885-0278.fits,215.0461,10.26292,0.030496,E,Mg-I
spec-1707-53885-0466.fits,215.62824,11.304878,0.016426,E,Mg-I
spec-1710-53504-0317.fits,217.60659,11.927992,0.025517,E,Mg-I
spec-1714-53521-0305.fits,221.72337,11.62623,0.029917,E,Mg-I
spec-1719-53876-0105.fits,229.0623,8.6944068,0.034628,E,Mg-I
spec-1721-53857-0026.fits,231.62275,8.590605,0.034526,E,Mg-I
spec-1721-53857-0293.fits,229.76411,8.1387263,0.033779,E,Mg-I
spec-1721-53857-0493.fits,230.80831,8.6454417,0.035111,E,Mg-I
spec-1721-53857-0507.fits,230.91331,8.7590886,0.034282,E,Mg-I
spec-1721-53857-0593.fits,231.26504,8.7185268,0.0327,E,Mg-I
spec-1721-53857-0631.fits,231.59352,8.98736,0.034971,E,Mg-I
spec-1722-53852-0494.fits,233.14555,10.319044,0.034481,E,Mg-I
spec-1724-53859-0117.fits,235.98152,7.8546572,0.037638,E,Mg-I
spec-1724-53859-0489.fits,235.69013,8.2411038,0.041118,E,Mg-I
spec-1732-53501-0573.fits,245.88385,7.8511887,0.035576,E,Mg-I
spec-1741-53052-0265.fits,143.1052,10.763506,0.028382,E,Mg-I
spec-1744-53055-0149.fits,150.85412,12.098216,0.030998,E,Mg-I
spec-1744-53055-0497.fits,150.39626,12.764981,0.020956,E,Mg-I
spec-1744-53055-0636.fits,152.14465,12.55548,0.030551,E,Mg-I
spec-1746-53062-0505.fits,155.39849,13.775514,0.045519,E,Mg-I
spec-1747-53075-0388.fits,156.45252,13.727946,0.031809,E,Mg-I
spec-1766-53468-0161.fits,184.12246,14.497473,0.026347,E,Mg-I
spec-1768-53442-0212.fits,187.81241,14.196661,0.020299,E,Mg-I
spec-1777-53857-0547.fits,208.08035,14.271913,0.024166,E,Mg-I
spec-1780-53090-0477.fits,121.83439,51.1316,0.017533,E,Mg-I
spec-1785-54439-0615.fits,135.49332,60.151709,0.011133,E,Mg-I
spec-1786-54450-0516.fits,137.84533,62.016191,0.025656,E,Mg-I
spec-1792-54270-0249.fits,193.0079,6.5518059,0.049631,E,Mg-I
spec-1794-54504-0032.fits,196.70774,7.4440558,0.045927,E,Mg-I
spec-1794-54504-0568.fits,196.13269,8.5350095,0.035191,E,Mg-I
spec-1796-53884-0090.fits,197.7706,8.8078662,0.032538,E,Mg-I
spec-1797-54507-0126.fits,199.31455,6.4016992,0.023538,E,Mg-I
spec-1797-54507-0572.fits,199.83009,8.429142,0.021533,E,Mg-I
spec-1798-53851-0587.fits,199.93601,10.362773,0.048865,E,Mg-I
spec-1799-53556-0298.fits,200.52175,6.1148,0.022993,E,Mg-I
spec-1800-53884-0612.fits,202.85318,9.9584399,0.022351,E,Mg-I
spec-1801-54156-0134.fits,203.7869,6.4811064,0.022699,E,Mg-I
spec-1806-53559-0181.fits,208.00184,8.882024,0.037673,E,Mg-I
spec-1807-54175-0075.fits,210.76858,8.9475072,0.023066,E,Mg-I
spec-1807-54175-0331.fits,208.79697,10.021972,0.038004,E,Mg-I
spec-1810-53794-0497.fits,213.9459,8.9101818,0.028705,E,Mg-I
spec-1812-53795-0523.fits,218.36341,9.2453519,0.027314,E,Mg-I
spec-1813-53903-0513.fits,220.69332,8.7255754,0.034121,E,Mg-I
spec-1817-53851-0306.fits,226.85827,7.1167408,0.030916,E,Mg-I
spec-1820-54208-0376.fits,232.92591,7.2873909,0.034168,E,Mg-I
spec-1825-53504-0310.fits,212.04729,5.8115582,0.017308,E,Mg-I
spec-1826-53499-0144.fits,215.24755,6.2026544,0.025244,E,Mg-I
spec-1832-54259-0046.fits,227.8814,4.5174928,0.037802,E,Mg-I
spec-1833-54561-0030.fits,229.53823,4.5630345,0.036529,E,Mg-I
spec-1838-53467-0484.fits,209.7271,35.255562,0.034957,E,Mg-I
spec-1840-53472-0513.fits,216.06794,33.612573,0.02233,E,Mg-I
spec-1842-53501-0176.fits,220.38086,31.650627,0.031895,E,Mg-I
spec-1848-54180-0237.fits,232.56733,27.097502,0.032544,E,Mg-I
spec-1849-53846-0385.fits,234.51858,26.281538,0.034269,E,Mg-I
spec-1850-53786-0364.fits,237.15959,25.404157,0.032518,E,Mg-I
spec-1853-53566-0572.fits,244.66048,21.973278,0.016089,E,Mg-I
spec-1868-53318-0295.fits,114.97984,49.11762,0.020775,E,Mg-I
spec-1871-53384-0563.fits,123.22564,55.672065,0.011766,E,Mg-I
spec-1872-53386-0292.fits,121.74018,55.903048,0.028206,E,Mg-I
spec-1873-54437-0391.fits,123.93685,58.321003,0.027054,E,Mg-I
spec-1874-54452-0068.fits,130.26136,59.936301,0.03782,E,Mg-I
spec-1874-54452-0225.fits,126.60368,59.89549,0.026722,E,Mg-I
spec-1879-54478-0195.fits,148.82428,68.618827,0.039213,E,Mg-I
spec-1922-53315-0636.fits,121.74636,19.851662,0.03874,E,Mg-I
spec-1923-53319-0425.fits,120.40403,18.885165,0.039149,E,Mg-I
spec-1923-53319-0503.fits,121.71714,18.737774,0.015459,E,Mg-I
spec-1925-53327-0612.fits,124.75355,20.936976,0.015345,E,Mg-I
spec-1930-53347-0187.fits,129.52807,25.272617,0.02818,E,Mg-I
spec-1938-53379-0429.fits,139.15699,30.905382,0.023215,E,Mg-I
spec-1939-53389-0486.fits,141.85614,29.986089,0.026065,E,Mg-I
spec-1942-53415-0357.fits,143.47124,30.404022,0.026896,E,Mg-I
spec-1944-53385-0562.fits,145.61382,28.952816,0.0292,E,Mg-I
spec-1945-53387-0536.fits,147.46713,34.714119,0.038753,E,Mg-I
spec-1946-53432-0292.fits,145.95479,30.546094,0.028224,E,Mg-I
spec-1950-53436-0227.fits,149.66706,28.87756,0.02129,E,Mg-I
spec-1954-53357-0638.fits,155.58078,36.583034,0.025916,E,Mg-I
spec-1975-53734-0318.fits,189.70333,31.984887,0.023164,E,Mg-I
spec-1984-53433-0044.fits,189.31542,39.483146,0.020315,E,Mg-I
spec-1985-53431-0363.fits,190.90206,41.018539,0.023924,E,Mg-I
spec-1988-53469-0204.fits,165.5998,38.505015,0.02849,E,Mg-I
spec-1993-53762-0042.fits,203.8619,33.72504,0.023432,E,Mg-I
spec-1993-53762-0440.fits,202.67816,34.830655,0.023697,E,Mg-I
spec-1994-53845-0068.fits,194.24112,30.716046,0.02422,E,Mg-I
spec-2001-53493-0507.fits,184.73291,39.140126,0.03694,E,Mg-I
spec-2004-53737-0313.fits,181.81956,32.075601,0.029607,E,Mg-I
spec-2004-53737-0551.fits,183.55827,32.421164,0.021086,E,Mg-I
spec-2007-53474-0215.fits,162.57353,37.956213,0.025761,E,Mg-I
spec-2008-53473-0041.fits,176.40391,31.299569,0.005957,E,Mg-I
spec-2009-53857-0379.fits,196.49848,29.278818,0.02641,E,Mg-I
spec-2009-53904-0263.fits,196.24325,29.122243,0.019745,E,Mg-I
spec-2011-53499-0339.fits,193.79527,29.578265,0.024878,E,Mg-I
spec-2014-53460-0055.fits,208.51551,37.417196,0.024049,E,Mg-I
spec-2014-53460-0196.fits,207.54137,38.219547,0.019221,E,Mg-I
spec-2017-53474-0244.fits,204.91204,27.404587,0.035058,E,Mg-I
spec-2017-53474-0270.fits,204.88504,27.92868,0.036527,E,Mg-I
spec-2017-53474-0414.fits,205.59714,29.847833,0.044276,E,Mg-I
spec-2018-53800-0464.fits,195.63139,38.478493,0.037112,E,Mg-I
spec-2021-53475-0126.fits,194.91386,38.815589,0.033529,E,Mg-I
spec-2023-53851-0356.fits,198.69058,35.14846,0.034023,E,Mg-I
spec-2026-53711-0179.fits,163.34324,31.822282,0.034585,E,Mg-I
spec-2028-53818-0545.fits,207.6629,35.038311,0.021097,E,Mg-I
spec-2030-53499-0292.fits,167.17158,36.16107,0.027676,E,Mg-I
spec-2031-53848-0592.fits,195.47563,36.228734,0.025331,E,Mg-I
spec-2033-53476-0528.fits,208.51203,37.38095,0.024587,E,Mg-I
spec-2033-53476-0580.fits,208.97266,37.196585,0.019931,E,Mg-I
spec-2037-53446-0557.fits,171.06977,38.015436,0.035585,E,Mg-I
spec-2087-53415-0059.fits,139.27202,25.429165,0.005511,E,Mg-I
spec-2092-53460-0465.fits,167.66307,31.655806,0.027839,E,Mg-I
spec-2093-53818-0403.fits,197.84432,34.418048,0.036749,E,Mg-I
spec-2093-53818-0521.fits,198.47094,34.124796,0.03728,E,Mg-I
spec-2093-53818-0535.fits,198.5055,33.93681,0.03512,E,Mg-I
spec-2094-53851-0374.fits,204.67975,31.270535,0.015676,E,Mg-I
spec-2095-53474-0020.fits,182.29098,31.569507,0.022572,E,Mg-I
spec-2096-53446-0376.fits,158.38733,36.706782,0.044269,E,Mg-I
spec-2097-53491-0018.fits,177.67462,32.697241,0.032149,E,Mg-I
spec-2097-53491-0222.fits,176.05822,33.514518,0.031747,E,Mg-I
spec-2100-53713-0325.fits,170.36229,34.452751,0.035263,E,Mg-I
spec-2100-53713-0332.fits,170.53081,34.36635,0.034177,E,Mg-I
spec-2100-53713-0406.fits,171.03091,34.663592,0.029036,E,Mg-I
spec-2100-53713-0480.fits,170.85218,33.829135,0.034431,E,Mg-I
spec-2104-53852-0166.fits,199.65445,30.865365,0.03249,E,Mg-I
spec-2104-53852-0168.fits,199.74891,30.780992,0.031127,E,Mg-I
spec-2108-53473-0120.fits,182.68449,38.33619,0.022897,E,Mg-I
spec-2108-53473-0597.fits,182.50992,38.739973,0.021062,E,Mg-I
spec-2109-53468-0186.fits,203.28109,32.514174,0.035886,E,Mg-I
spec-2109-53468-0237.fits,203.2398,32.605208,0.035762,E,Mg-I
spec-2109-53468-0603.fits,204.95169,33.688157,0.040881,E,Mg-I
spec-2111-53467-0346.fits,168.8966,36.509145,0.024921,E,Mg-I
spec-2115-53535-0149.fits,207.76922,25.083116,0.029415,E,Mg-I
spec-2117-54115-0256.fits,208.2588,31.81317,0.03586,E,Mg-I
spec-2119-53792-0230.fits,208.80578,25.051795,0.031067,E,Mg-I
spec-2127-53859-0426.fits,213.56325,26.747621,0.034861,E,Mg-I
spec-2134-53876-0559.fits,218.42226,28.054128,0.031082,E,Mg-I
spec-2138-53757-0271.fits,219.06405,29.908382,0.034628,E,Mg-I
spec-2139-53878-0048.fits,221.00055,23.631077,0.03881,E,Mg-I
spec-2139-53878-0592.fits,220.73642,25.016501,0.034139,E,Mg-I
spec-2140-53858-0602.fits,221.6088,23.85278,0.047954,E,Mg-I
spec-2141-53764-0290.fits,221.08694,28.551017,0.012246,E,Mg-I
spec-2143-54184-0582.fits,223.48212,24.590539,0.033005,E,Mg-I
spec-2145-54212-0522.fits,224.34672,27.416343,0.03125,E,Mg-I
spec-2146-54230-0340.fits,223.12677,29.807401,0.023187,E,Mg-I
spec-2152-53874-0079.fits,227.23418,24.27827,0.018316,E,Mg-I
spec-2152-53874-0265.fits,225.20272,23.595264,0.018353,E,Mg-I
spec-2158-54209-0044.fits,230.03895,21.904774,0.038345,E,Mg-I
spec-2159-54328-0578.fits,231.10325,20.761705,0.039183,E,Mg-I
spec-2162-54207-0404.fits,233.19468,23.184798,0.036745,E,Mg-I
spec-2163-53823-0141.fits,233.41657,24.404683,0.043406,E,Mg-I
spec-2167-53889-0442.fits,235.99541,19.211524,0.024153,E,Mg-I
spec-2170-53875-0484.fits,238.37868,18.357991,0.032813,E,Mg-I
spec-2170-53875-0494.fits,238.45825,18.341345,0.046046,E,Mg-I
spec-2171-53557-0213.fits,238.28454,21.074648,0.017047,E,Mg-I
spec-2173-53874-0081.fits,240.15568,19.723214,0.03119,E,Mg-I
spec-2196-53534-0037.fits,241.34464,16.198215,0.033708,E,Mg-I
spec-2196-53534-0142.fits,240.70264,16.119368,0.033282,E,Mg-I
spec-2196-53534-0533.fits,241.01149,17.282389,0.0332,E,Mg-I
spec-2199-53556-0059.fits,241.08148,17.180401,0.033608,E,Mg-I
spec-2199-53556-0217.fits,240.36699,17.240532,0.036005,E,Mg-I
spec-2200-53875-0315.fits,240.70509,17.167407,0.034561,E,Mg-I
spec-2200-53875-0369.fits,241.41521,18.164352,0.03537,E,Mg-I
spec-2211-53786-0024.fits,167.73279,28.543805,0.032043,E,Mg-I
spec-2211-53786-0631.fits,167.67852,28.693158,0.03314,E,Mg-I
spec-2212-53789-0617.fits,167.62386,27.091308,0.044232,E,Mg-I
spec-2213-53792-0479.fits,167.42363,28.91501,0.032054,E,Mg-I
spec-2214-53794-0159.fits,168.84577,25.939733,0.048601,E,Mg-I
spec-2214-53794-0424.fits,167.85506,26.963607,0.033516,E,Mg-I
spec-2215-53793-0382.fits,168.33101,29.811096,0.045173,E,Mg-I
spec-2215-53793-0468.fits,169.05644,29.38525,0.029294,E,Mg-I
spec-2218-53816-0045.fits,172.90697,26.111089,0.032408,E,Mg-I
spec-2218-53816-0557.fits,173.00911,27.005766,0.032747,E,Mg-I
spec-2218-53816-0580.fits,172.92507,28.153591,0.023011,E,Mg-I
spec-2221-53792-0493.fits,175.75254,27.396965,0.031116,E,Mg-I
spec-2221-53792-0581.fits,177.26827,27.334229,0.022258,E,Mg-I
spec-2222-53799-0619.fits,177.74538,30.569555,0.021323,E,Mg-I
spec-2225-53729-0353.fits,178.90163,29.995919,0.022676,E,Mg-I
spec-2225-53729-0374.fits,179.60111,30.649598,0.029444,E,Mg-I
spec-2226-53819-0048.fits,180.71712,26.252806,0.032148,E,Mg-I
spec-2226-53819-0637.fits,181.62392,27.949926,0.027291,E,Mg-I
spec-2233-53845-0373.fits,185.04254,28.388964,0.025486,E,Mg-I
spec-2236-53729-0126.fits,189.82136,26.67777,0.022002,E,Mg-I
spec-2238-54205-0164.fits,191.98049,27.22236,0.026578,E,Mg-I
spec-2238-54205-0307.fits,190.22044,26.728128,0.015743,E,Mg-I
spec-2238-54205-0591.fits,192.72523,27.84183,0.025295,E,Mg-I
spec-2240-53823-0100.fits,194.07749,26.358904,0.021424,E,Mg-I
spec-2240-53823-0142.fits,194.28925,27.466404,0.02485,E,Mg-I
spec-2240-53823-0200.fits,193.92208,27.250763,0.023651,E,Mg-I
spec-2240-53823-0447.fits,194.17858,28.020447,0.020867,E,Mg-I
spec-2240-53823-0472.fits,194.12423,27.940005,0.022131,E,Mg-I
spec-2240-53823-0478.fits,194.14247,27.538949,0.023657,E,Mg-I
spec-2240-53823-0488.fits,194.45028,27.883063,0.019532,E,Mg-I
spec-2240-53823-0496.fits,194.38682,27.610346,0.020128,E,Mg-I
spec-2240-53823-0506.fits,194.59096,27.967782,0.020053,E,Mg-I
spec-2240-53823-0550.fits,194.7831,27.854968,0.021927,E,Mg-I
spec-2240-53823-0585.fits,194.89878,27.959268,0.023909,E,Mg-I
spec-2240-53823-0586.fits,194.93502,27.912461,0.022351,E,Mg-I
spec-2240-53823-0620.fits,194.99063,28.246668,0.022372,E,Mg-I
spec-2241-54156-0134.fits,194.5132,26.91598,0.027373,E,Mg-I
spec-2241-54156-0170.fits,194.3994,27.493236,0.024375,E,Mg-I
spec-2241-54156-0250.fits,193.4963,26.444043,0.023587,E,Mg-I
spec-2241-54156-0357.fits,194.11094,27.830645,0.020892,E,Mg-I
spec-2241-54156-0448.fits,195.12821,28.34638,0.019885,E,Mg-I
spec-2241-54156-0462.fits,194.78417,27.784129,0.023446,E,Mg-I
spec-2241-54156-0550.fits,195.01851,27.987589,0.021272,E,Mg-I
spec-2241-54156-0617.fits,195.96165,27.988379,0.021173,E,Mg-I
spec-2241-54169-0466.fits,194.71707,27.785063,0.018857,E,Mg-I
spec-2241-54169-0585.fits,195.47388,27.624451,0.026211,E,Mg-I
spec-2242-54153-0411.fits,195.93727,28.084232,0.018766,E,Mg-I
spec-2245-54208-0563.fits,204.15072,27.242188,0.035774,E,Mg-I
spec-2246-53767-0169.fits,205.19536,25.897267,0.028771,E,Mg-I
spec-2246-53767-0250.fits,204.73889,24.980228,0.027342,E,Mg-I
spec-2264-53682-0073.fits,119.90754,13.433544,0.014925,E,Mg-I
spec-2265-53674-0390.fits,118.99982,12.981467,0.044469,E,Mg-I
spec-2265-53674-0530.fits,120.15632,13.697345,0.015217,E,Mg-I
spec-2282-53683-0054.fits,134.97696,20.599938,0.025023,E,Mg-I
spec-2283-53729-0130.fits,134.58598,17.537858,0.048861,E,Mg-I
spec-2283-53729-0402.fits,134.46956,20.122529,0.030883,E,Mg-I
spec-2286-53700-0129.fits,137.66635,18.696592,0.028379,E,Mg-I
spec-2287-53705-0548.fits,138.31719,23.089987,0.038067,E,Mg-I
spec-2288-53699-0173.fits,139.27885,20.069703,0.027838,E,Mg-I
spec-2293-53730-0279.fits,141.85432,23.030408,0.026255,E,Mg-I
spec-2342-53742-0519.fits,148.28979,27.621755,0.019841,E,Mg-I
spec-2349-53734-0308.fits,155.40395,23.989709,0.041462,E,Mg-I
spec-2349-53734-0397.fits,155.7233,24.606408,0.046287,E,Mg-I
spec-2350-53765-0087.fits,155.24403,25.519407,0.020773,E,Mg-I
spec-2355-53792-0486.fits,161.46778,25.951576,0.020796,E,Mg-I
spec-2359-53800-0043.fits,164.4138,27.493661,0.045332,E,Mg-I
spec-2365-53739-0349.fits,153.15804,22.291842,0.020568,E,Mg-I
spec-2376-53770-0487.fits,158.95948,20.650955,0.025585,E,Mg-I
spec-2418-53794-0286.fits,119.51835,10.313085,0.04596,E,Mg-I
spec-2418-53794-0312.fits,119.31623,11.046523,0.04637,E,Mg-I
spec-2428-53801-0616.fits,131.92372,13.419121,0.006866,E,Mg-I
spec-2434-53826-0219.fits,135.91611,13.672174,0.029608,E,Mg-I
spec-2439-53795-0298.fits,138.43133,16.862859,0.027207,E,Mg-I
spec-2439-53795-0550.fits,140.14965,18.126312,0.028758,E,Mg-I
spec-2439-53795-0584.fits,140.34621,18.223876,0.028727,E,Mg-I
spec-2479-54174-0119.fits,162.03386,18.188695,0.020024,E,Mg-I
spec-2479-54174-0319.fits,160.52351,18.249395,0.03008,E,Mg-I
spec-2479-54174-0371.fits,160.70193,18.889546,0.047073,E,Mg-I
spec-2479-54174-0405.fits,160.85653,19.060461,0.049088,E,Mg-I
spec-2483-53852-0178.fits,163.30465,16.235038,0.022158,E,Mg-I
spec-2484-54144-0158.fits,163.83755,20.765685,0.032044,E,Mg-I
spec-2487-53852-0062.fits,166.14364,16.061793,0.020976,E,Mg-I
spec-2493-54115-0100.fits,169.52772,23.397323,0.022056,E,Mg-I
spec-2493-54115-0526.fits,169.33954,25.437882,0.022531,E,Mg-I
spec-2501-54084-0442.fits,173.0051,25.644166,0.033571,E,Mg-I
spec-2502-54180-0360.fits,172.30472,19.772514,0.019641,E,Mg-I
spec-2504-54179-0478.fits,173.3753,22.455874,0.037489,E,Mg-I
spec-2506-54179-0049.fits,175.55392,18.40383,0.02332,E,Mg-I
spec-2506-54179-0469.fits,175.7461,20.086876,0.020078,E,Mg-I
spec-2506-54179-0495.fits,175.90412,19.604646,0.021949,E,Mg-I
spec-2506-54179-0513.fits,175.98511,19.894579,0.02102,E,Mg-I
spec-2506-54179-0558.fits,176.27094,19.606347,0.021596,E,Mg-I
spec-2506-54179-0559.fits,176.23733,19.731904,0.025847,E,Mg-I
spec-2506-54179-0624.fits,176.44213,19.773761,0.017954,E,Mg-I
spec-2507-53876-0307.fits,173.989,21.722604,0.036472,E,Mg-I
spec-2509-54180-0213.fits,176.64346,19.110099,0.020392,E,Mg-I
spec-2509-54180-0278.fits,175.8234,19.384029,0.02118,E,Mg-I
spec-2509-54180-0428.fits,176.02277,19.996102,0.018843,E,Mg-I
spec-2509-54180-0519.fits,176.77332,19.837185,0.01943,E,Mg-I
spec-2512-53877-0133.fits,178.58363,16.241683,0.022751,E,Mg-I
spec-2515-54180-0392.fits,177.67303,20.015197,0.020364,E,Mg-I
spec-2521-54538-0582.fits,240.37727,15.503911,0.035297,E,Mg-I
spec-2526-54582-0180.fits,242.1365,9.6067236,0.033898,E,Mg-I
spec-2528-54571-0220.fits,243.50413,10.458407,0.041322,E,Mg-I
spec-2531-54572-0009.fits,246.50351,9.397268,0.032849,E,Mg-I
spec-2586-54169-0148.fits,151.69939,14.314162,0.029777,E,Mg-I
spec-2587-54138-0033.fits,154.16803,16.971543,0.027366,E,Mg-I
spec-2589-54174-0028.fits,156.29793,17.255562,0.044699,E,Mg-I
spec-2589-54174-0076.fits,156.40342,17.080699,0.044494,E,Mg-I
spec-2590-54175-0461.fits,155.61891,15.7539,0.044405,E,Mg-I
spec-2591-54140-0470.fits,156.80933,18.082926,0.041687,E,Mg-I
spec-2601-54144-0141.fits,192.27541,17.025818,0.022097,E,Mg-I
spec-2604-54484-0487.fits,198.73864,17.225155,0.023097,E,Mg-I
spec-2605-54484-0074.fits,201.67018,16.873814,0.027482,E,Mg-I
spec-2607-54184-0233.fits,204.40623,15.972234,0.025874,E,Mg-I
spec-2607-54184-0368.fits,204.22696,17.400034,0.023153,E,Mg-I
spec-2608-54474-0506.fits,181.03923,20.347951,0.024542,E,Mg-I
spec-2609-54476-0422.fits,181.40597,20.555709,0.024102,E,Mg-I
spec-2611-54477-0254.fits,185.17005,19.106785,0.045011,E,Mg-I
spec-2642-54232-0015.fits,205.89614,18.056587,0.02628,E,Mg-I
spec-2643-54208-0014.fits,181.31358,21.214435,0.022563,E,Mg-I
spec-2651-54507-0609.fits,199.96471,22.999886,0.02297,E,Mg-I
spec-2653-54230-0567.fits,203.73864,22.583079,0.031725,E,Mg-I
spec-2654-54231-0521.fits,205.72789,22.145187,0.027557,E,Mg-I
spec-2654-54231-0604.fits,206.51472,22.118837,0.027667,E,Mg-I
spec-2655-54184-0085.fits,180.6105,23.818845,0.022312,E,Mg-I
spec-2655-54184-0145.fits,180.54513,24.300301,0.043896,E,Mg-I
spec-2655-54184-0428.fits,179.87356,25.468811,0.045594,E,Mg-I
spec-2656-54484-0470.fits,182.02106,25.590256,0.021938,E,Mg-I
spec-2656-54484-0498.fits,182.03787,25.07888,0.024113,E,Mg-I
spec-2656-54484-0499.fits,182.02315,25.237317,0.022527,E,Mg-I
spec-2657-54502-0122.fits,183.81621,23.958173,0.022267,E,Mg-I
spec-2666-54230-0062.fits,206.62656,23.09719,0.02999,E,Mg-I
spec-2666-54230-0072.fits,206.55292,23.053841,0.026861,E,Mg-I
spec-2750-54242-0280.fits,221.66294,13.676267,0.030366,E,Mg-I
spec-2757-54509-0281.fits,209.62228,17.391919,0.026302,E,Mg-I
spec-2758-54523-0274.fits,212.26643,17.76621,0.016138,E,Mg-I
spec-2762-54533-0006.fits,221.11249,15.480909,0.049595,E,Mg-I
spec-2763-54507-0493.fits,222.23748,16.15362,0.039086,E,Mg-I
spec-2769-54527-0630.fits,208.68986,21.829907,0.027858,E,Mg-I
spec-2771-54527-0460.fits,211.31988,21.044277,0.027975,E,Mg-I
spec-2772-54529-0495.fits,213.28597,20.416274,0.016724,E,Mg-I
spec-2776-54554-0239.fits,220.41995,18.557213,0.03065,E,Mg-I
spec-2779-54540-0189.fits,225.87154,17.114428,0.020955,E,Mg-I
spec-2781-54266-0549.fits,231.6962,16.557763,0.043693,E,Mg-I
spec-2783-54524-0350.fits,207.14852,24.015089,0.023266,E,Mg-I
spec-2787-54552-0145.fits,216.63302,21.557159,0.030588,E,Mg-I
spec-2792-54556-0156.fits,227.09986,19.208113,0.021086,E,Mg-I
spec-2880-54509-0547.fits,186.5655,5.4765029,0.013871,E,Mg-I
spec-2956-54525-0543.fits,149.1788,46.461159,0.015978,E,Mg-I
spec-2972-54586-0523.fits,257.64035,36.303424,0.027273,E,Mg-I
spec-0276-51909-0588.fits,164.38811,0.43770863,0.026085,Ir,H-α
spec-0286-51999-0420.fits,181.05224,0.80257168,0.009788,Ir,H-α
spec-0287-52023-0497.fits,183.25125,0.043752428,0.020977,Ir,H-α
spec-0291-51928-0233.fits,190.61562,0.048208922,0.005102,Ir,H-α
spec-0303-51615-0535.fits,214.14782,0.8866447,0.025487,Ir,H-α
spec-0304-51609-0392.fits,214.59861,0.73214547,0.025625,Ir,H-α
spec-0309-51666-0456.fits,223.49681,0.83222382,0.04279,Ir,H-α
spec-0330-52370-0352.fits,177.04433,-1.9891875,0.005139,Ir,H-α
spec-0334-51993-0487.fits,187.23489,-1.9163333,0.041471,Ir,H-α
spec-0335-52000-0505.fits,189.9505,-1.7710901,0.014196,Ir,H-α
spec-0339-51692-0533.fits,196.70401,-1.2899269,0.027554,Ir,H-α
spec-0350-51691-0337.fits,255.79361,65.571543,0.026339,Ir,H-α
spec-0355-51788-0493.fits,258.72473,57.462503,0.029753,Ir,H-α
spec-0359-51821-0432.fits,260.19146,53.767236,0.027246,Ir,H-α
spec-0373-51788-0131.fits,331.69223,-0.68814175,0.029348,Ir,H-α
spec-0381-51811-0004.fits,348.1527,-1.1868947,0.026181,Ir,H-α
spec-0381-51811-0452.fits,347.34552,1.0006154,0.015335,Ir,H-α
spec-0384-51821-0215.fits,353.10525,-0.8470336,0.017562,Ir,H-α
spec-0384-51821-0295.fits,352.53242,-0.98331017,0.034311,Ir,H-α
spec-0385-51877-0341.fits,354.19518,0.62346769,0.008805,Ir,H-α
spec-0386-51788-0030.fits,359.03825,-0.40796487,0.025594,Ir,H-α
spec-0395-51783-0413.fits,14.485733,0.86919691,0.007609,Ir,H-α
spec-0398-51789-0349.fits,18.481474,0.56741797,0.041846,Ir,H-α
spec-0403-51871-0111.fits,29.799931,-0.2793011,0.040514,Ir,H-α
spec-0416-51885-0544.fits,55.977686,0.45911007,0.037091,Ir,H-α
spec-0433-51873-0317.fits,114.89379,38.028179,0.011675,Ir,H-α
spec-0433-51873-0357.fits,115.47826,38.49826,0.011699,Ir,H-α
spec-0439-51877-0411.fits,122.1337,45.601097,0.046756,Ir,H-α
spec-0445-51873-0619.fits,131.51341,51.201547,0.04542,Ir,H-α
spec-0448-51900-0061.fits,134.39901,55.559253,0.038157,Ir,H-α
spec-0474-52000-0325.fits,140.19243,0.60474228,0.023783,Ir,H-α
spec-0493-51957-0485.fits,182.54778,68.082983,0.02252,Ir,H-α
spec-0496-51973-0127.fits,201.19447,65.432464,0.033447,Ir,H-α
spec-0499-51988-0496.fits,217.15651,64.664453,0.03681,Ir,H-α
spec-0510-52381-0010.fits,169.6189,1.6640117,0.022772,Ir,H-α
spec-0512-51992-0418.fits,171.88942,2.9975864,0.049694,Ir,H-α
spec-0516-52017-0049.fits,180.92611,1.4573291,0.020831,Ir,H-α
spec-0519-52283-0163.fits,185.84759,1.8151864,0.006295,Ir,H-α
spec-0525-52295-0065.fits,198.90802,1.7755118,0.036875,Ir,H-α
spec-0525-52295-0545.fits,198.64208,3.0413512,0.02139,Ir,H-α
spec-0530-52026-0426.fits,207.15955,2.8186309,0.028365,Ir,H-α
spec-0535-51999-0525.fits,217.69098,2.9261868,0.025956,Ir,H-α
spec-0536-52024-0056.fits,220.18235,1.0337562,0.034372,Ir,H-α
spec-0539-52017-0579.fits,226.16893,2.5545618,0.042529,Ir,H-α
spec-0552-51992-0021.fits,137.28131,50.840365,0.02695,Ir,H-α
spec-0559-52316-0227.fits,154.62087,58.869611,0.044844,Ir,H-α
spec-0560-52296-0460.fits,158.3434,60.503971,0.023175,Ir,H-α
spec-0565-52225-0030.fits,135.2078,2.8907064,0.015555,Ir,H-α
spec-0576-52325-0332.fits,156.47927,5.3775108,0.041822,Ir,H-α
spec-0577-52367-0462.fits,159.12759,5.0173239,0.013073,Ir,H-α
spec-0581-52356-0222.fits,166.38688,4.197879,0.021005,Ir,H-α
spec-0586-52023-0129.fits,219.61443,3.274968,0.027871,Ir,H-α
spec-0591-52022-0268.fits,228.84315,2.9628613,0.03697,Ir,H-α
spec-0592-52025-0374.fits,230.38222,3.6143909,0.036301,Ir,H-α
spec-0596-52370-0196.fits,168.30252,63.920361,0.034484,Ir,H-α
spec-0597-52059-0218.fits,172.37978,63.235088,0.033119,Ir,H-α
spec-0611-52055-0438.fits,225.01787,61.514885,0.038926,Ir,H-α
spec-0623-52051-0139.fits,244.38441,51.492886,0.036156,Ir,H-α
spec-0755-52235-0263.fits,115.16354,31.101618,0.0418,Ir,H-α
spec-0766-52247-0434.fits,138.21797,50.439269,0.031605,Ir,H-α
spec-0773-52376-0298.fits,158.67089,62.002138,0.030389,Ir,H-α
spec-0786-52319-0261.fits,204.84086,60.292922,0.032997,Ir,H-α
spec-0792-52353-0034.fits,227.01762,55.331646,0.011388,Ir,H-α
spec-0793-52370-0567.fits,228.43819,55.790686,0.011481,Ir,H-α
spec-0832-52312-0597.fits,139.64766,44.596937,0.014213,Ir,H-α
spec-0836-52376-0052.fits,171.53457,4.0623643,0.005079,Ir,H-α
spec-0836-52376-0307.fits,169.53634,4.6161856,0.007808,Ir,H-α
spec-0848-52669-0509.fits,194.21946,4.9578692,0.024502,Ir,H-α
spec-0850-52338-0452.fits,197.75406,5.8345552,0.046362,Ir,H-α
spec-0859-52317-0206.fits,118.84577,27.075014,0.015262,Ir,H-α
spec-0876-52346-0181.fits,162.75416,49.896284,0.022407,Ir,H-α
spec-0877-52353-0083.fits,165.99766,49.810444,0.024315,Ir,H-α
spec-0884-52374-0622.fits,188.22232,52.866735,0.046094,Ir,H-α
spec-0891-52584-0417.fits,120.65773,35.00754,0.029278,Ir,H-α
spec-0892-52378-0427.fits,122.30334,36.247714,0.032037,Ir,H-α
spec-0895-52581-0029.fits,130.07652,40.796462,0.030672,Ir,H-α
spec-0897-52605-0558.fits,135.35177,44.884991,0.036781,Ir,H-α
spec-0903-52385-0267.fits,149.77998,52.233711,0.040388,Ir,H-α
spec-0907-52373-0200.fits,163.6677,55.620231,0.046709,Ir,H-α
spec-0907-52373-0592.fits,165.54506,55.72416,0.02392,Ir,H-α
spec-0938-52708-0226.fits,139.29829,39.922384,0.027954,Ir,H-α
spec-0938-52708-0234.fits,139.30333,39.9062,0.027748,Ir,H-α
spec-0942-52703-0101.fits,150.43387,43.752517,0.017063,Ir,H-α
spec-0949-52427-0575.fits,164.38953,58.818832,0.04663,Ir,H-α
spec-0951-52398-0055.fits,171.07235,58.160528,0.038972,Ir,H-α
spec-0966-52642-0112.fits,173.54406,49.105802,0.034038,Ir,H-α
spec-0974-52427-0551.fits,256.81775,34.822596,0.036686,Ir,H-α
spec-0975-52411-0142.fits,256.87523,30.232445,0.031678,Ir,H-α
spec-0976-52413-0009.fits,258.8079,31.389482,0.023957,Ir,H-α
spec-0993-52710-0029.fits,147.01275,5.7328741,0.020095,Ir,H-α
spec-0999-52636-0532.fits,158.55553,7.5152202,0.022269,Ir,H-α
spec-1003-52641-0374.fits,165.48605,7.9471525,0.033729,Ir,H-α
spec-1020-52721-0318.fits,186.17751,54.744843,0.008316,Ir,H-α
spec-1163-52669-0509.fits,222.97194,54.810663,0.037708,Ir,H-α
spec-1185-52642-0235.fits,125.6679,3.7629272,0.013369,Ir,H-α
spec-1185-52642-0353.fits,125.49185,4.2965512,0.031178,Ir,H-α
spec-1189-52668-0558.fits,133.64196,6.3314429,0.028795,Ir,H-α
spec-1197-52668-0341.fits,126.80754,35.371519,0.037745,Ir,H-α
spec-1204-52669-0052.fits,118.42677,22.949525,0.028589,Ir,H-α
spec-1205-52670-0302.fits,119.77734,25.42661,0.026055,Ir,H-α
spec-1215-52725-0046.fits,145.82599,39.452694,0.04146,Ir,H-α
spec-1216-52709-0420.fits,147.24233,41.445684,0.007471,Ir,H-α
spec-1216-52709-0616.fits,148.38912,41.697209,0.042286,Ir,H-α
spec-1233-52734-0027.fits,190.18436,9.6441215,0.02455,Ir,H-α
spec-1235-52734-0257.fits,147.59243,7.9053375,0.017959,Ir,H-α
spec-1240-52734-0063.fits,160.69639,8.596263,0.046327,Ir,H-α
spec-1271-52974-0521.fits,134.76172,33.206291,0.044246,Ir,H-α
spec-1272-52989-0108.fits,136.85281,33.171081,0.049225,Ir,H-α
spec-1272-52989-0319.fits,134.77579,33.178688,0.044598,Ir,H-α
spec-1276-53035-0604.fits,147.23517,38.837401,0.031011,Ir,H-α
spec-1277-52765-0572.fits,148.88313,39.415437,0.048293,Ir,H-α
spec-1279-52736-0142.fits,192.94616,49.581013,0.031945,Ir,H-α
spec-1288-52731-0569.fits,218.54952,45.98302,0.025165,Ir,H-α
spec-1326-52764-0028.fits,218.60076,52.820251,0.044728,Ir,H-α
spec-1329-52767-0134.fits,225.27558,49.401285,0.026633,Ir,H-α
spec-1330-52822-0553.fits,229.40069,49.007404,0.036825,Ir,H-α
spec-1338-52765-0558.fits,247.93096,36.33592,0.031429,Ir,H-α
spec-1351-52790-0307.fits,222.51751,37.680616,0.028328,Ir,H-α
spec-1355-52823-0374.fits,232.66472,33.92828,0.04816,Ir,H-α
spec-1357-53034-0268.fits,152.26623,40.362466,0.023629,Ir,H-α
spec-1362-53050-0454.fits,163.24166,43.410475,0.025591,Ir,H-α
spec-1366-53063-0055.fits,174.41854,44.391753,0.03382,Ir,H-α
spec-1374-53083-0534.fits,196.1406,45.376628,0.037552,Ir,H-α
spec-1396-53112-0604.fits,220.87971,42.712986,0.018132,Ir,H-α
spec-1426-52993-0121.fits,151.6546,36.254892,0.030329,Ir,H-α
spec-1447-53120-0153.fits,178.98837,42.369165,0.02409,Ir,H-α
spec-1453-53084-0553.fits,188.49844,47.72391,0.028963,Ir,H-α
spec-1454-53090-0394.fits,188.00814,42.547448,0.012793,Ir,H-α
spec-1457-53116-0394.fits,193.03112,48.141921,0.029543,Ir,H-α
spec-1466-53083-0128.fits,208.4248,43.768818,0.033464,Ir,H-α
spec-1578-53496-0383.fits,240.25633,29.224271,0.02155,Ir,H-α
spec-1578-53496-0436.fits,240.36081,29.490209,0.01446,Ir,H-α
spec-1593-52991-0220.fits,141.59124,32.990596,0.045097,Ir,H-α
spec-1594-52992-0609.fits,146.293,35.777607,0.022156,Ir,H-α
spec-1603-53119-0198.fits,165.28136,11.372362,0.032989,Ir,H-α
spec-1609-53142-0046.fits,177.64263,11.171559,0.024525,Ir,H-α
spec-1619-53084-0457.fits,173.63882,8.2498189,0.04141,Ir,H-α
spec-1643-53143-0134.fits,213.77252,35.76536,0.027482,Ir,H-α
spec-1645-53172-0312.fits,217.22026,34.455758,0.033266,Ir,H-α
spec-1645-53172-0433.fits,217.76526,35.521071,0.013565,Ir,H-α
spec-1651-53442-0595.fits,232.31742,30.314655,0.036179,Ir,H-α
spec-1652-53555-0561.fits,233.52039,29.906863,0.036503,Ir,H-α
spec-1672-53460-0420.fits,214.27494,49.579079,0.012863,Ir,H-α
spec-1678-53433-0013.fits,231.63071,41.725203,0.007801,Ir,H-α
spec-1691-53260-0318.fits,251.57939,26.722177,0.035559,Ir,H-α
spec-1695-53473-0633.fits,195.36809,12.563642,0.022103,Ir,H-α
spec-1703-53799-0521.fits,211.22383,12.721693,0.013672,Ir,H-α
spec-1704-53178-0008.fits,212.12852,12.801236,0.022857,Ir,H-α
spec-1711-53535-0549.fits,220.621,10.602716,0.049647,Ir,H-α
spec-1713-53827-0636.fits,223.48537,10.250122,0.047517,Ir,H-α
spec-1723-53905-0373.fits,232.08922,8.8224664,0.034349,Ir,H-α
spec-1723-53905-0610.fits,233.95586,8.9274957,0.043831,Ir,H-α
spec-1746-53062-0153.fits,155.65946,12.881456,0.028708,Ir,H-α
spec-1765-53466-0563.fits,183.11324,16.209209,0.024589,Ir,H-α
spec-1777-53857-0346.fits,206.08335,14.338724,0.040818,Ir,H-α
spec-1781-53297-0228.fits,122.68003,52.52216,0.018935,Ir,H-α
spec-1797-54507-0537.fits,199.36055,8.2030374,0.024043,Ir,H-α
spec-1798-53851-0460.fits,199.73538,10.425816,0.048615,Ir,H-α
spec-1801-54156-0404.fits,203.30362,8.0565444,0.023377,Ir,H-α
spec-1804-53886-0019.fits,207.5096,9.2287317,0.047898,Ir,H-α
spec-1807-54175-0284.fits,208.98495,8.0457417,0.043956,Ir,H-α
spec-1809-53792-0467.fits,211.53916,9.5714418,0.024724,Ir,H-α
spec-1815-53884-0190.fits,225.28107,7.6261686,0.037663,Ir,H-α
spec-1822-53172-0455.fits,238.64428,5.9941837,0.040616,Ir,H-α
spec-1822-53172-0566.fits,239.92193,6.1950579,0.045798,Ir,H-α
spec-1826-53499-0403.fits,214.63621,7.5667458,0.024525,Ir,H-α
spec-1830-54560-0096.fits,223.57926,4.936515,0.021763,Ir,H-α
spec-1834-54562-0391.fits,229.11883,5.7188033,0.034309,Ir,H-α
spec-1835-54563-0042.fits,233.09192,4.6736176,0.041519,Ir,H-α
spec-1840-53472-0292.fits,214.21357,32.802893,0.022316,Ir,H-α
spec-1851-53524-0137.fits,240.63686,22.665357,0.032706,Ir,H-α
spec-1869-53327-0336.fits,117.02272,51.944523,0.019527,Ir,H-α
spec-1872-53386-0546.fits,124.89059,56.637517,0.0457,Ir,H-α
spec-1922-53315-0043.fits,120.6793,18.631916,0.038757,Ir,H-α
spec-1923-53319-0043.fits,121.63155,17.256287,0.045442,Ir,H-α
spec-1927-53321-0628.fits,127.113,21.899016,0.042758,Ir,H-α
spec-1931-53358-0602.fits,132.01476,25.333761,0.00651,Ir,H-α
spec-1937-53388-0336.fits,138.47592,29.179061,0.013571,Ir,H-α
spec-1941-53386-0302.fits,140.58285,31.286303,0.048668,Ir,H-α
spec-1941-53386-0364.fits,141.8332,32.528169,0.041761,Ir,H-α
spec-1942-53415-0549.fits,145.21785,30.938793,0.022038,Ir,H-α
spec-1944-53385-0056.fits,145.04685,27.545156,0.033571,Ir,H-α
spec-1952-53378-0121.fits,152.21751,32.53849,0.019783,Ir,H-α
spec-1971-53472-0351.fits,186.56412,32.419129,0.030614,Ir,H-α
spec-1981-53463-0076.fits,163.72512,29.872087,0.029787,Ir,H-α
spec-1987-53765-0251.fits,191.75902,32.871234,0.022738,Ir,H-α
spec-1993-53762-0567.fits,203.86603,35.436446,0.024724,Ir,H-α
spec-2002-53471-0028.fits,201.14073,28.992864,0.007987,Ir,H-α
spec-2007-53474-0370.fits,161.96646,38.158972,0.037426,Ir,H-α
spec-2011-53499-0623.fits,196.51614,29.709713,0.020307,Ir,H-α
spec-2013-53818-0292.fits,184.77041,31.699108,0.025181,Ir,H-α
spec-2013-53818-0587.fits,186.42386,32.473461,0.030572,Ir,H-α
spec-2015-53819-0364.fits,186.77026,35.268677,0.033369,Ir,H-α
spec-2017-53474-0254.fits,204.80739,27.863831,0.048885,Ir,H-α
spec-2024-53503-0084.fits,207.16874,31.460881,0.026372,Ir,H-α
spec-2026-53711-0601.fits,164.40936,33.149419,0.04219,Ir,H-α
spec-2030-53499-0571.fits,168.6423,38.015139,0.028539,Ir,H-α
spec-2031-53848-0575.fits,194.90388,36.695673,0.015149,Ir,H-α
spec-2033-53476-0358.fits,206.5518,36.426671,0.023457,Ir,H-α
spec-2034-53466-0556.fits,167.6559,35.138579,0.031939,Ir,H-α
spec-2082-53358-0236.fits,123.48397,18.486122,0.017309,Ir,H-α
spec-2083-53359-0391.fits,126.07479,20.51374,0.007226,Ir,H-α
spec-2084-53360-0559.fits,130.90261,22.262011,0.029515,Ir,H-α
spec-2093-53818-0074.fits,199.76184,32.896382,0.026548,Ir,H-α
spec-2096-53446-0010.fits,159.72201,34.60431,0.022187,Ir,H-α
spec-2098-53460-0503.fits,174.54039,33.968077,0.033446,Ir,H-α
spec-2104-53852-0599.fits,200.70277,31.324433,0.023701,Ir,H-α
spec-2108-53473-0405.fits,181.27534,39.236476,0.038269,Ir,H-α
spec-2109-53468-0126.fits,203.78038,31.521727,0.016484,Ir,H-α
spec-2109-53468-0368.fits,203.7907,34.035079,0.023891,Ir,H-α
spec-2117-54115-0460.fits,208.64007,32.870347,0.047931,Ir,H-α
spec-2119-53792-0381.fits,208.90034,25.274344,0.028096,Ir,H-α
spec-2123-53793-0382.fits,210.72225,27.725459,0.039528,Ir,H-α
spec-2128-53800-0612.fits,215.34041,25.061631,0.03877,Ir,H-α
spec-2131-53819-0107.fits,217.0012,25.545779,0.014941,Ir,H-α
spec-2137-54206-0312.fits,218.57142,27.284926,0.01487,Ir,H-α
spec-2160-53885-0482.fits,231.00268,26.276803,0.044843,Ir,H-α
spec-2166-54232-0574.fits,235.41466,21.794188,0.037376,Ir,H-α
spec-2196-53534-0616.fits,241.44586,17.307479,0.036349,Ir,H-α
spec-2198-53918-0138.fits,243.99221,15.155967,0.02988,Ir,H-α
spec-2200-53875-0023.fits,242.95073,16.87426,0.015353,Ir,H-α
spec-2200-53875-0038.fits,242.96543,16.989157,0.035579,Ir,H-α
spec-2203-53915-0270.fits,246.88873,13.26038,0.028717,Ir,H-α
spec-2213-53792-0334.fits,167.21771,29.80123,0.02939,Ir,H-α
spec-2219-53816-0025.fits,174.89231,26.322392,0.022902,Ir,H-α
spec-2221-53792-0613.fits,176.59969,28.046594,0.033457,Ir,H-α
spec-2227-53820-0332.fits,180.22923,28.372223,0.049943,Ir,H-α
spec-2230-53799-0247.fits,183.02046,28.752995,0.022082,Ir,H-α
spec-2235-53847-0617.fits,189.33365,28.147234,0.025318,Ir,H-α
spec-2235-53847-0625.fits,189.48069,27.628197,0.024067,Ir,H-α
spec-2239-53726-0175.fits,192.17812,29.23926,0.02328,Ir,H-α
spec-2245-54208-0594.fits,204.51292,26.338176,0.026146,Ir,H-α
spec-2279-53708-0477.fits,131.68149,17.9953,0.0141,Ir,H-α
spec-2286-53700-0364.fits,136.96061,20.979681,0.009523,Ir,H-α
spec-2288-53699-0003.fits,140.16858,19.337514,0.013984,Ir,H-α
spec-2291-53714-0196.fits,139.92473,24.552451,0.025154,Ir,H-α
spec-2350-53765-0522.fits,155.1366,27.787813,0.049607,Ir,H-α
spec-2351-53772-0011.fits,156.1055,28.297392,0.020421,Ir,H-α
spec-2362-53759-0546.fits,147.5791,20.549807,0.025161,Ir,H-α
spec-2365-53739-0167.fits,154.02827,21.330469,0.037284,Ir,H-α
spec-2375-53770-0039.fits,158.12171,19.964448,0.026083,Ir,H-α
spec-2422-54096-0241.fits,124.76948,11.924075,0.033443,Ir,H-α
spec-2436-54054-0395.fits,136.84706,14.69759,0.027883,Ir,H-α
spec-2480-53851-0038.fits,162.84576,15.983047,0.03296,Ir,H-α
spec-2480-53851-0447.fits,161.3762,17.12996,0.031955,Ir,H-α
spec-2480-53851-0625.fits,163.03938,16.314697,0.04872,Ir,H-α
spec-2493-54115-0402.fits,168.68769,25.217777,0.048236,Ir,H-α
spec-2497-54154-0107.fits,171.91311,23.757936,0.019726,Ir,H-α
spec-2499-54176-0384.fits,171.56517,17.540506,0.013651,Ir,H-α
spec-2506-54179-0225.fits,175.10954,19.414117,0.011328,Ir,H-α
spec-2507-53876-0026.fits,176.53231,21.660211,0.027005,Ir,H-α
spec-2512-53877-0406.fits,178.40883,18.316174,0.020317,Ir,H-α
spec-2514-53882-0238.fits,178.32509,24.414584,0.034371,Ir,H-α
spec-2524-54568-0032.fits,242.4321,13.669341,0.046966,Ir,H-α
spec-2524-54568-0632.fits,241.90135,14.902892,0.034058,Ir,H-α
spec-2527-54569-0217.fits,243.09833,12.787857,0.033948,Ir,H-α
spec-2589-54174-0637.fits,156.57568,17.430213,0.044328,Ir,H-α
spec-2595-54207-0383.fits,180.21048,17.65546,0.022864,Ir,H-α
spec-2597-54231-0168.fits,185.24988,17.023343,0.025979,Ir,H-α
spec-2598-54232-0318.fits,186.1454,17.143565,0.02099,Ir,H-α
spec-2607-54184-0413.fits,204.37222,17.765199,0.026204,Ir,H-α
spec-2607-54184-0461.fits,204.70708,17.086404,0.02065,Ir,H-α
spec-2608-54474-0261.fits,180.13263,19.799704,0.022899,Ir,H-α
spec-2608-54474-0289.fits,179.97058,19.168547,0.015922,Ir,H-α
spec-2644-54210-0570.fits,183.17345,23.4783,0.022346,Ir,H-α
spec-2660-54504-0115.fits,191.10396,24.903723,0.006096,Ir,H-α
spec-2745-54231-0554.fits,213.67157,15.512802,0.015833,Ir,H-α
spec-2753-54234-0088.fits,231.05353,11.693884,0.009508,Ir,H-α
spec-2755-54507-0254.fits,206.56323,17.916236,0.025714,Ir,H-α
spec-2775-54535-0396.fits,218.59172,19.190836,0.039791,Ir,H-α
spec-2776-54554-0032.fits,222.27831,18.279516,0.041013,Ir,H-α
spec-2782-54592-0639.fits,235.16721,15.389071,0.006739,Ir,H-α
spec-2786-54540-0032.fits,215.67481,21.999508,0.030187,Ir,H-α
spec-2787-54552-0139.fits,216.86424,21.650107,0.021878,Ir,H-α
spec-2788-54553-0448.fits,218.39839,22.294397,0.042444,Ir,H-α
spec-2884-54526-0093.fits,245.13275,49.797432,0.040825,Ir,H-α
spec-2968-54585-0558.fits,243.90264,18.506313,0.036134,Ir,H-α
spec-2971-54590-0361.fits,255.81621,37.626231,0.033124,Ir,H-α
